-- MySQL dump 10.13  Distrib 8.0.31, for Win64 (x86_64)
--
-- Host: localhost    Database: audit
-- ------------------------------------------------------
-- Server version	8.0.31

/*!40101 SET @OLD_CHARACTER_SET_CLIENT=@@CHARACTER_SET_CLIENT */;
/*!40101 SET @OLD_CHARACTER_SET_RESULTS=@@CHARACTER_SET_RESULTS */;
/*!40101 SET @OLD_COLLATION_CONNECTION=@@COLLATION_CONNECTION */;
/*!50503 SET NAMES utf8mb4 */;
/*!40103 SET @OLD_TIME_ZONE=@@TIME_ZONE */;
/*!40103 SET TIME_ZONE='+00:00' */;
/*!40014 SET @OLD_UNIQUE_CHECKS=@@UNIQUE_CHECKS, UNIQUE_CHECKS=0 */;
/*!40014 SET @OLD_FOREIGN_KEY_CHECKS=@@FOREIGN_KEY_CHECKS, FOREIGN_KEY_CHECKS=0 */;
/*!40101 SET @OLD_SQL_MODE=@@SQL_MODE, SQL_MODE='NO_AUTO_VALUE_ON_ZERO' */;
/*!40111 SET @OLD_SQL_NOTES=@@SQL_NOTES, SQL_NOTES=0 */;

--
-- Table structure for table `audit_text`
--

DROP TABLE IF EXISTS `audit_text`;
/*!40101 SET @saved_cs_client     = @@character_set_client */;
/*!50503 SET character_set_client = utf8mb4 */;
CREATE TABLE `audit_text` (
  `text` varchar(1000) CHARACTER SET utf8mb3 COLLATE utf8mb3_general_ci DEFAULT NULL,
  `class_id` int DEFAULT NULL,
  `create_time` datetime DEFAULT NULL COMMENT '创建时间',
  `update_time` datetime DEFAULT NULL COMMENT '更新时间',
  `dataset_id` int DEFAULT NULL,
  `status` varchar(50) DEFAULT NULL COMMENT '分类状态',
  `id` bigint NOT NULL AUTO_INCREMENT,
  `confirm_type` varchar(255) DEFAULT NULL,
  `company` varchar(255) DEFAULT NULL,
  PRIMARY KEY (`id`)
) ENGINE=InnoDB AUTO_INCREMENT=50 DEFAULT CHARSET=utf8mb3;
/*!40101 SET character_set_client = @saved_cs_client */;

--
-- Dumping data for table `audit_text`
--

LOCK TABLES `audit_text` WRITE;
/*!40000 ALTER TABLE `audit_text` DISABLE KEYS */;
INSERT INTO `audit_text` VALUES ('重大经营风险 工程管理不规范 通过变通拼盘解决项目资金来源 长寿公司2013年生产成本专项中有10千伏但家等开闭所环境整治、110千伏湖海等站生产建筑物维修、110千伏云台等站生产建筑物维修、徐家坪运维站环境整治4个项目，结算施工单位送变电公司施工费157.25万元，截至审计日未实施。',111,'2023-05-18 23:38:59','2023-05-18 23:39:53',20,'classify',35,'confirm','北碚区'),('重大经营风险 工程管理不规范 通过变通拼盘解决项目资金来源 2013年，綦南公司虚列生产成本专项13#、14#、24#、25#和綦江区电缆沟维护等项目，通过重庆市送变电公司变通处理资金304.80万元。',111,'2023-05-18 23:38:59','2023-05-19 00:43:00',20,'classify',36,'confirm','渝中区'),('重大经营风险 工程管理不规范 虚办项目结算，截至审计日仍未实施 2012年下达的长寿局运维站建设项目，因被拆迁村民阻挠，至今无法修建，为保证资金发生率，长寿公司于2014年虚办了项目结算，转固金额292万元。截至2015年11月底，已计提折旧12.73万元，工程款挂账未支付。',1,'2023-05-18 23:38:59','2023-05-18 23:38:59',20,'classify',37,'check','北碚区'),('财务资产管理方面 财务核算不规范 费用报销依据不充分、不规范 多处出现无法律效力的付款委托书，涉及金额6.98万元。如，支付黔江运维站四季度树竹砍伐青苗费2.98万元，补偿对象27人，款项依据委托书分别支付给杨文均、毛朝海、柏昌全、石军等4人，但委托书中的委托人和被委托人均为这4人。',15,'2023-05-19 00:53:18','2023-05-19 00:54:12',20,'classify',38,'confirm','江北区'),('财务资产管理方面 财务核算不规范 费用报销依据不充分、不规范 个别青苗赔偿费附件依据与实际补偿人不符。抽查发现，补偿庆安电力卫星配等低压台区检修青苗费0.7万元，赔偿结算单有“杨建蓉”，附件中无身份证明；附件中有身份证明“杨玉兰”，赔偿结算单无该人。',15,'2023-05-19 00:53:18','2023-05-19 01:00:54',20,'classify',39,'check','渝中区'),('财务资产管理方面 财务核算不规范 费用报销依据不充分、不规范 附件不齐或有错误，依据不充分。抽查发现，营销部综合员报销户表安装劳务费12.80万元，没有具体的工作地点、工作内容和工作量等；10千伏龙吼线后段改造，青苗赔偿费5.62万元，支付明细表中未注明受损人姓名，无果树名称、数量、单价等重要信息。2014年6月冯长勇报销临工劳务费5.73万元，清单中的天数乘标准不等于金额。2014年、2015年在成本劳务派遣费中向乾宇公司支付劳务费1,915.59万元，无结算清单，派遣协议中也未约定支付方式。补充医疗保险费报销绝大部分用各个医药店零售购药发票，报销依据不充分。',15,'2023-05-19 00:53:18','2023-05-19 09:39:01',20,'classify',40,'confirm','江北区'),('财务资产管理方面 财务核算不规范 费用报销依据不充分、不规范 多处出现无法律效力的付款委托书，涉及金额6.98万元。如，支付黔江运维站四季度树竹砍伐青苗费2.98万元，补偿对象27人，款项依据委托书分别支付给杨文均、毛朝海、柏昌全、石军等4人，但委托书中的委托人和被委托人均为这4人。',15,'2023-05-19 09:38:35','2023-05-19 21:12:05',20,'classify',41,'confirm','江北区'),('财务资产管理方面 财务核算不规范 费用报销依据不充分、不规范 个别青苗赔偿费附件依据与实际补偿人不符。抽查发现，补偿庆安电力卫星配等低压台区检修青苗费0.7万元，赔偿结算单有“杨建蓉”，附件中无身份证明；附件中有身份证明“杨玉兰”，赔偿结算单无该人。',NULL,'2023-05-19 09:38:35','2023-05-19 09:38:35',20,'check',42,NULL,'渝中区'),('财务资产管理方面 财务核算不规范 费用报销依据不充分、不规范 附件不齐或有错误，依据不充分。抽查发现，营销部综合员报销户表安装劳务费12.80万元，没有具体的工作地点、工作内容和工作量等；10千伏龙吼线后段改造，青苗赔偿费5.62万元，支付明细表中未注明受损人姓名，无果树名称、数量、单价等重要信息。2014年6月冯长勇报销临工劳务费5.73万元，清单中的天数乘标准不等于金额。2014年、2015年在成本劳务派遣费中向乾宇公司支付劳务费1,915.59万元，无结算清单，派遣协议中也未约定支付方式。补充医疗保险费报销绝大部分用各个医药店零售购药发票，报销依据不充分。',15,'2023-05-19 09:38:35','2023-05-19 21:14:57',20,'classify',43,'confirm','江北区'),('财务资产管理方面 财务核算不规范 费用报销依据不充分、不规范 多处出现无法律效力的付款委托书，涉及金额6.98万元。如，支付黔江运维站四季度树竹砍伐青苗费2.98万元，补偿对象27人，款项依据委托书分别支付给杨文均、毛朝海、柏昌全、石军等4人，但委托书中的委托人和被委托人均为这4人。',NULL,'2023-05-19 21:11:45','2023-05-19 21:11:45',20,'check',44,NULL,'江北区'),('财务资产管理方面 财务核算不规范 费用报销依据不充分、不规范 个别青苗赔偿费附件依据与实际补偿人不符。抽查发现，补偿庆安电力卫星配等低压台区检修青苗费0.7万元，赔偿结算单有“杨建蓉”，附件中无身份证明；附件中有身份证明“杨玉兰”，赔偿结算单无该人。',NULL,'2023-05-19 21:11:45','2023-05-19 21:11:45',20,'unClassify',45,NULL,'渝中区'),('财务资产管理方面 财务核算不规范 费用报销依据不充分、不规范 附件不齐或有错误，依据不充分。抽查发现，营销部综合员报销户表安装劳务费12.80万元，没有具体的工作地点、工作内容和工作量等；10千伏龙吼线后段改造，青苗赔偿费5.62万元，支付明细表中未注明受损人姓名，无果树名称、数量、单价等重要信息。2014年6月冯长勇报销临工劳务费5.73万元，清单中的天数乘标准不等于金额。2014年、2015年在成本劳务派遣费中向乾宇公司支付劳务费1,915.59万元，无结算清单，派遣协议中也未约定支付方式。补充医疗保险费报销绝大部分用各个医药店零售购药发票，报销依据不充分。',NULL,'2023-05-19 21:11:45','2023-05-19 21:11:45',20,'unClassify',46,NULL,'江北区'),('财务资产管理方面 财务核算不规范 费用报销依据不充分、不规范 多处出现无法律效力的付款委托书，涉及金额6.98万元。如，支付黔江运维站四季度树竹砍伐青苗费2.98万元，补偿对象27人，款项依据委托书分别支付给杨文均、毛朝海、柏昌全、石军等4人，但委托书中的委托人和被委托人均为这4人。',NULL,'2023-05-19 21:14:39','2023-05-19 21:14:39',20,'unClassify',47,NULL,'江北区'),('财务资产管理方面 财务核算不规范 费用报销依据不充分、不规范 个别青苗赔偿费附件依据与实际补偿人不符。抽查发现，补偿庆安电力卫星配等低压台区检修青苗费0.7万元，赔偿结算单有“杨建蓉”，附件中无身份证明；附件中有身份证明“杨玉兰”，赔偿结算单无该人。',NULL,'2023-05-19 21:14:39','2023-05-19 21:14:39',20,'unClassify',48,NULL,'渝中区'),('财务资产管理方面 财务核算不规范 费用报销依据不充分、不规范 附件不齐或有错误，依据不充分。抽查发现，营销部综合员报销户表安装劳务费12.80万元，没有具体的工作地点、工作内容和工作量等；10千伏龙吼线后段改造，青苗赔偿费5.62万元，支付明细表中未注明受损人姓名，无果树名称、数量、单价等重要信息。2014年6月冯长勇报销临工劳务费5.73万元，清单中的天数乘标准不等于金额。2014年、2015年在成本劳务派遣费中向乾宇公司支付劳务费1,915.59万元，无结算清单，派遣协议中也未约定支付方式。补充医疗保险费报销绝大部分用各个医药店零售购药发票，报销依据不充分。',NULL,'2023-05-19 21:14:39','2023-05-19 21:14:39',20,'unClassify',49,NULL,'江北区');
/*!40000 ALTER TABLE `audit_text` ENABLE KEYS */;
UNLOCK TABLES;

--
-- Table structure for table `class`
--

DROP TABLE IF EXISTS `class`;
/*!40101 SET @saved_cs_client     = @@character_set_client */;
/*!50503 SET character_set_client = utf8mb4 */;
CREATE TABLE `class` (
  `id` int NOT NULL AUTO_INCREMENT,
  `first_class` varchar(500) CHARACTER SET utf8mb3 COLLATE utf8mb3_general_ci NOT NULL,
  `second_class` varchar(500) CHARACTER SET utf8mb3 COLLATE utf8mb3_general_ci NOT NULL,
  `third_class` varchar(500) CHARACTER SET utf8mb3 COLLATE utf8mb3_general_ci DEFAULT NULL,
  `four_class` varchar(500) CHARACTER SET utf8mb3 COLLATE utf8mb3_general_ci DEFAULT NULL,
  `create_time` datetime DEFAULT NULL,
  `update_time` datetime DEFAULT NULL,
  `count` int DEFAULT NULL,
  PRIMARY KEY (`id`)
) ENGINE=InnoDB AUTO_INCREMENT=709 DEFAULT CHARSET=utf8mb3;
/*!40101 SET character_set_client = @saved_cs_client */;

--
-- Dumping data for table `class`
--

LOCK TABLES `class` WRITE;
/*!40000 ALTER TABLE `class` DISABLE KEYS */;
INSERT INTO `class` VALUES (1,'财务资产管理','财税政策执行方面','财政资金未按规定使用','其他政府补贴未按规定用途使用',NULL,'2023-05-06 15:42:50',0),(2,'财务资产管理','财税政策执行方面','财政资金未按规定使用','超范围使用政府返还的城市公用事业附加',NULL,NULL,0),(3,'财务资产管理','财税政策执行方面','财政资金未按规定使用','城市公用事业附加未上缴直接支付',NULL,NULL,0),(4,'财务资产管理','财税政策执行方面','企业承担个人所得税','企业从费用中列支应由个人负担的个人所得税',NULL,NULL,0),(5,'财务资产管理','财税政策执行方面','企业承担个人所得税','企业承担补充医疗保险部分的个人所得税',NULL,NULL,0),(6,'财务资产管理','财税政策执行方面','未按规定计缴税费','信息化项目支出未在税前加计扣除',NULL,NULL,0),(7,'财务资产管理','财税政策执行方面','未按规定计缴税费','纳税调整事项不完整，少计缴企业所得税',NULL,NULL,0),(8,'财务资产管理','财税政策执行方面','未按规定计缴税费','未充分享受税收优惠政策',NULL,NULL,0),(9,'财务资产管理','财税政策执行方面','未按规定计缴税费','增值税发票未按规定进行认证',NULL,NULL,0),(10,'财务资产管理','财税政策执行方面','未按规定计缴税费','未按规定计缴增值税、房产税、印花税等',NULL,NULL,0),(11,'财务资产管理','成本管理方面','成本、费用开支超范围、超标准','农村低压维护管理费使用超范围',NULL,NULL,0),(12,'财务资产管理','成本管理方面','成本、费用开支超范围、超标准','差旅费、劳务费等列支超范围、超标准',NULL,NULL,0),(13,'财务资产管理','成本管理方面','成本费用列支依据不充分','费用报销签字笔迹相似',NULL,NULL,0),(14,'财务资产管理','成本管理方面','成本费用列支依据不充分','未按规定计提或转回资产减值准备、坏账准备',NULL,NULL,0),(15,'财务资产管理','成本管理方面','成本费用列支依据不充分','报销依据不合逻辑',NULL,'2023-05-19 21:14:57',5),(16,'财务资产管理','成本管理方面','成本费用列支依据不充分','费用报销缺少出入库单及与工程量等相关的原始凭据',NULL,NULL,0),(17,'财务资产管理','成本管理方面','成本费用列支依据不充分','费用报销存在虚假发票',NULL,NULL,0),(18,'财务资产管理','成本管理方面','成本费用列支依据不充分','费用报销审批单中用途、事项不明',NULL,NULL,0),(19,'财务资产管理','成本管理方面','人为调节利润指标','人为调整成本调节利润',NULL,NULL,0),(20,'财务资产管理','成本管理方面','人为调节利润指标','人为调整成本调节利润',NULL,NULL,0),(21,'财务资产管理','成本管理方面','无预算或超预算开支成本','成本支出超预算',NULL,NULL,0),(22,'财务资产管理','成本管理方面','无预算或超预算开支成本','成本支出无预算',NULL,NULL,0),(23,'财务资产管理','成本管理方面','虚列成本费用','虚构业务列支费用',NULL,NULL,0),(24,'财务资产管理','成本管理方面','虚列成本费用','虚增业务量多列支费用',NULL,NULL,0),(25,'财务资产管理','成本管理方面','虚列成本费用','重复列支费用',NULL,NULL,0),(26,'财务资产管理','成本管理方面','在成本中购置固定资产','资本性支出与收益性支出未严格区分',NULL,NULL,0),(27,'财务资产管理','成本管理方面','','成本未按规定入账',NULL,NULL,0),(28,'财务资产管理','成本管理方面','','多计提成本',NULL,NULL,0),(29,'财务资产管理','成本管理方面','','提前确认成本费用',NULL,NULL,0),(30,'财务资产管理','成本管理方面','','滞后确认成本费用',NULL,NULL,0),(31,'财务资产管理','成本管理方面','','少计提成本',NULL,NULL,0),(32,'财务资产管理','收入管理方面','人为调节利润指标','人为调整收入调节利润',NULL,NULL,0),(33,'财务资产管理','收入管理方面','收入确认依据不充分','收入确认依据不充分',NULL,NULL,0),(34,'财务资产管理','收入管理方面','收入未按规定确认或计量','营业收费未按规定入账',NULL,NULL,0),(35,'财务资产管理','收入管理方面','收入未按规定确认或计量','售电收入未按权责发生制原则确认',NULL,NULL,0),(36,'财务资产管理','收入管理方面','收入未按规定确认或计量','高可靠性收费未足额收取',NULL,NULL,0),(37,'财务资产管理','收入管理方面','收入未按规定确认或计量','工程结算未按完工百分比法确认',NULL,NULL,0),(38,'财务资产管理','收入管理方面','收入未按规定确认或计量','劳务收入未按规定入账',NULL,NULL,0),(39,'财务资产管理','收入管理方面','收入未按规定确认或计量','销售原材料、备品备件收入未足额确认收入',NULL,NULL,0),(40,'财务资产管理','收入管理方面','收入未按规定确认或计量','废旧材料处理款未按规定入账',NULL,NULL,0),(41,'财务资产管理','收入管理方面','收入未按规定确认或计量','各项代收或代扣手续费收入未按规定入账',NULL,NULL,0),(42,'财务资产管理','债权债务管理方面','坏账核销管理不合规','未按规定建立账销案存登记簿',NULL,NULL,0),(43,'财务资产管理','债权债务管理方面','坏账核销管理不合规','坏账核销依据不充分、手续不齐全',NULL,NULL,0),(44,'财务资产管理','债权债务管理方面','利用往来款项调节相关指标','未按规定计提坏账准备',NULL,NULL,0),(45,'财务资产管理','债权债务管理方面','利用往来款项调节相关指标','收入性质的款项挂账往来',NULL,NULL,0),(46,'财务资产管理','债权债务管理方面','往来款项清理不规范','往来款项清理依据不充分',NULL,NULL,0),(47,'财务资产管理','债权债务管理方面','往来款项清理不规范','往来款项清理不及时',NULL,NULL,0),(48,'财务资产管理','资产管理方面','不动产权证管理不到位','',NULL,NULL,0),(49,'财务资产管理','资产管理方面','不动产权证管理不到位','部分不动产尚未办理产权证',NULL,NULL,0),(50,'财务资产管理','资产管理方面','不动产权证管理不到位','个别产权证未及时变更权属人信息',NULL,NULL,0),(51,'财务资产管理','资产管理方面','不良资产影响企业运营水平','报废或不需实施工程未核销',NULL,NULL,0),(52,'财务资产管理','资产管理方面','不良资产影响企业运营水平','盘亏资产未及时进行清理',NULL,NULL,0),(53,'财务资产管理','资产管理方面','账、卡、物核对不一致','未严格审核交付使用资产，造成转增资产账实不符',NULL,NULL,0),(54,'财务资产管理','资产管理方面','账、卡、物核对不一致','实物资产长期未盘点，造成账实不符',NULL,NULL,0),(55,'财务资产管理','资产管理方面','账、卡、物核对不一致','固定资产卡片管理不规范造成账、卡、物核对不符',NULL,NULL,0),(56,'财务资产管理','资产管理方面','资产处置不合规','资产处置未进行评估',NULL,NULL,0),(57,'财务资产管理','资产管理方面','资产处置不合规','已处置资产仍挂账未清理',NULL,NULL,0),(58,'财务资产管理','资产管理方面','资产管理不到位','用户资产移交手续不完善，入账依据不充分。',NULL,NULL,0),(59,'财务资产管理','资产管理方面','资产管理不到位','重点低值易耗品管理缺失',NULL,NULL,0),(60,'财务资产管理','资产管理方面','资产管理不到位','存在账外资产',NULL,NULL,0),(61,'财务资产管理','资产管理方面','资产确认不真实合规','应资本化利息未计入资产价值',NULL,NULL,0),(62,'财务资产管理','资产管理方面','资产确认不真实合规','固定资产竣工决算转资产不及时',NULL,NULL,0),(63,'财务资产管理','资产管理方面','资产确认不真实合规','办公机具等可私用固定资产发票变通为消耗材料入账',NULL,NULL,0),(64,'财务资产管理','资金管理方面','备用金管控不到位','非正式员工借支备用金',NULL,NULL,0),(65,'财务资产管理','资金管理方面','备用金管控不到位','备用金借用事项不明确，依据不充分',NULL,NULL,0),(66,'财务资产管理','资金管理方面','备用金管控不到位','未通过报销，以现金形式归还备用金',NULL,NULL,0),(67,'财务资产管理','资金管理方面','备用金管控不到位','超范围使用备用金',NULL,NULL,0),(68,'财务资产管理','资金管理方面','备用金管控不到位','备用金清理不及时，长期占用备用金',NULL,NULL,0),(69,'财务资产管理','资金管理方面','公款私存，存在重大资金安全风险','公款私存，存在重大资金安全风险',NULL,NULL,0),(70,'财务资产管理','资金管理方面','票据管理存在安全隐患','未建立银行承兑汇票、商业承兑汇票票据的备查登记薄',NULL,NULL,0),(71,'财务资产管理','资金管理方面','票据管理存在安全隐患','未按月对票据进行盘点',NULL,NULL,0),(72,'财务资产管理','资金管理方面','票据管理存在安全隐患','银行票据账实不符',NULL,NULL,0),(73,'财务资产管理','资金管理方面','票据管理存在安全隐患','空白票据提前加盖预留印签',NULL,NULL,0),(74,'财务资产管理','资金管理方面','账户管理不合规','存在三个月以上的未达账项',NULL,NULL,0),(75,'财务资产管理','资金管理方面','账户管理不合规','银行账户未按规定纳入财务统一管理',NULL,NULL,0),(76,'财务资产管理','资金管理方面','账户管理不合规','银行资金对账管理不到位，未按期编制银行余额调节表，出纳编制余额调节表缺乏监控',NULL,NULL,0),(77,'财务资产管理','资金管理方面','账户管理不合规','银行账户开立、变更、撤销不合规',NULL,NULL,0),(78,'财务资产管理','资金管理方面','账户管理不合规','违规出租、出借银行账户',NULL,NULL,0),(79,'财务资产管理','资金管理方面','资金支付管控不到位','大额资金支付给个人，存在资金安全风险',NULL,NULL,0),(80,'财务资产管理','资金管理方面','资金支付管控不到位','电子密钥、银行印鉴管理不规范',NULL,NULL,0),(81,'财务资产管理','资金管理方面','资金支付管控不到位','资金支付单位（个人）与发票、合同（协议）单位不一致',NULL,NULL,0),(82,'财务资产管理','资金管理方面','资金支付管控不到位','资金支付原始凭证不齐全',NULL,NULL,0),(83,'财务资产管理','资金管理方面','资金支付管控不到位','资金支付审批不到位',NULL,NULL,0),(84,'财务资产管理','资金管理方面','资金支付管控不到位','对单笔业务支出超过50万未实行集中支付',NULL,NULL,0),(85,'工程财务管理','财税政策执行','未按规定计缴税费','报废原材料未作进项税转出，多抵扣增值税',NULL,NULL,0),(86,'工程财务管理','财税政策执行','未按规定计缴税费','信息化项目支出未在税前加计扣除',NULL,NULL,0),(87,'工程财务管理','财税政策执行','未按规定计缴税费','甲供材增值税专用发票未按期进行认证',NULL,NULL,0),(88,'工程财务管理','成本管理','成本费用列支不完整','成本费用列支不完整',NULL,NULL,0),(89,'工程财务管理','成本管理','成本费用列支手续不齐备','成本支出中存在虚假发票',NULL,NULL,0),(90,'工程财务管理','成本管理','成本费用列支手续不齐备','成本费用列支的依据不充分',NULL,NULL,0),(91,'工程财务管理','成本管理','成本列支不合规','成本费用列支超范围、超标准（业务招待费、会议费、差旅费、培训费等）',NULL,NULL,0),(92,'工程财务管理','成本管理','成本列支不合规','以成本列支资本性支出',NULL,NULL,0),(93,'工程财务管理','成本管理','各类支出归集不合规','未按工程项目归集支出',NULL,NULL,0),(94,'工程财务管理','成本管理','各类支出归集不合规','未按工程费用项目划分进行归集',NULL,NULL,0),(95,'工程财务管理','成本管理','提前或滞后列支成本费用','提前列支项目成本',NULL,NULL,0),(96,'工程财务管理','成本管理','提前或滞后列支成本费用','项目成本列支严重滞后',NULL,NULL,0),(97,'工程财务管理','成本管理','虚列项目成本费用','虚列工程费或工程其他费用',NULL,NULL,0),(98,'工程财务管理','成本管理','虚列项目成本费用','重复列支费用',NULL,NULL,0),(99,'工程财务管理','成本管理','虚列项目成本费用','列支与工程项目无关的成本费用',NULL,NULL,0),(100,'工程财务管理','收入管理','收入未按规定确认或计量','废旧物资处置等其他业务收入未按规定入账',NULL,NULL,0),(101,'工程财务管理','收入管理','收入未按规定确认或计量','工程结算、监理、设计等主营业务收入未按权责发生制原则确认（施工、监理、设计单位适用）',NULL,NULL,0),(102,'工程财务管理','债权债务管理','往来款项清理不及时','往来款项清理不及时',NULL,NULL,0),(103,'工程财务管理','资产管理','报废或不需实施工程未核销','报废或不需实施工程未核销',NULL,NULL,0),(104,'工程财务管理','资产管理','不动产未办理产权证','不动产未办理产权证',NULL,NULL,0),(105,'工程财务管理','资产管理','核销项目管理不到位','核销项目管理不到位',NULL,NULL,0),(106,'工程财务管理','资产管理','账、卡、物核对不一致','固定资产卡片未建立或不规范',NULL,NULL,0),(107,'工程财务管理','资产管理','账、卡、物核对不一致','未严格审核交付使用资产，造成转增资产账实不符',NULL,NULL,0),(108,'工程财务管理','资产管理','资产确认不真实合规','固定资产竣工决算转资产不及时',NULL,NULL,0),(109,'工程财务管理','资产管理','资产确认不真实合规','应资本化利息未计入资产价值',NULL,NULL,0),(110,'工程财务管理','资金管理','截留、挤占、挪用、转移、出借项目资金','违规向施工单位出借项目资金',NULL,NULL,0),(111,'工程财务管理','资金管理','截留、挤占、挪用、转移、出借项目资金','截留、挤占、挪用、转移项目资金',NULL,'2023-05-19 00:43:00',2),(112,'工程财务管理','资金管理','未按合同约定支付或获取担保','未取得预付款保函或履约保函',NULL,NULL,0),(113,'工程财务管理','资金管理','未按合同约定支付或获取担保','未准确扣回预付款',NULL,NULL,0),(114,'工程财务管理','资金管理','未按合同约定支付或获取担保','资金支付或收回未严格履行合同约定条款',NULL,NULL,0),(115,'工程财务管理','资金管理','资金未按时足额到位','资金未按时足额到位',NULL,NULL,0),(116,'工程财务管理','资金管理','资金支付管理不到位','违规大额现金支付工程款',NULL,NULL,0),(117,'工程财务管理','资金管理','资金支付管理不到位','资金支付单位（个人）与发票、合同单位（个人）不一致',NULL,NULL,0),(118,'工程财务管理','资金管理','资金支付管理不到位','款项未支付到承包商、分包商的基本账户',NULL,NULL,0),(119,'工程财务管理','资金管理','资金支付管理不到位','资金支付流程不规范',NULL,NULL,0),(120,'工程内控建设','内控制度','内控制度建设存在不足','内控制度不健全、不完善',NULL,NULL,0),(121,'工程内控建设','内控制度','内控制度建设存在不足','内控制度不适应实际情况',NULL,NULL,0),(122,'工程内控建设','内控组织体系','内控组织体系未有效运转','内控组织体系未有效运转',NULL,NULL,0),(123,'工程内控建设','内控组织体系','未建立、健全内控组织体系','未建立、健全内控组织体系',NULL,NULL,0),(124,'工程投资决策','决策程序','决策程序不合规','决策程序不符合规范要求',NULL,NULL,0),(125,'工程投资决策','决策程序','决策程序不合规','决策事项未报批或备案',NULL,NULL,0),(126,'工程投资决策','决策程序','未履行重大投资决策程序','未履行重大投资决策程序',NULL,NULL,0),(127,'工程投资决策','决策执行及成效','重大项目投资决策执行不到位或造成损失','重大项目投资决策失误造成损失',NULL,NULL,0),(128,'工程投资决策','决策执行及成效','重大项目投资决策执行不到位或造成损失','重大项目投资决策执行不到位',NULL,NULL,0),(129,'工程项目管理','电网规划','电网规划不合规','电网规划编制不合规',NULL,NULL,0),(130,'工程项目管理','电网规划','电网规划不合规','审定的电网规划未列入规划项目库',NULL,NULL,0),(131,'工程项目管理','电网规划','电网规划不合规','电网规划未经审批或超权限审批',NULL,NULL,0),(132,'工程项目管理','发包管理','违法发包监理业务','将监理业务发包给不具有相应资质的单位',NULL,NULL,0),(133,'工程项目管理','发包管理','违法发包监理业务','同体监理',NULL,NULL,0),(134,'工程项目管理','发包管理','违法发包设计业务','违法发包设计业务',NULL,NULL,0),(135,'工程项目管理','发包管理','违法发包施工业务','将工程发包给不具有相应资质的单位',NULL,NULL,0),(136,'工程项目管理','发包管理','违法发包施工业务','将工程发包给个人',NULL,NULL,0),(137,'工程项目管理','发包管理','违法发包施工业务','将同一单位工程施工分解发包',NULL,NULL,0),(138,'工程项目管理','发包管理','违法发包施工业务','未按要求招标（法定招标程序）发包的',NULL,NULL,0),(139,'工程项目管理','工程监理','监理管理不到位','监理单位调整监理人员未履行相关手续',NULL,NULL,0),(140,'工程项目管理','工程监理','监理管理不到位','监理人员配置不足',NULL,NULL,0),(141,'工程项目管理','工程监理','监理管理不到位','监理履职不到位',NULL,NULL,0),(142,'工程项目管理','工程监理','监理管理不到位','转包监理业务',NULL,NULL,0),(143,'工程项目管理','工程监理','监理管理不到位','监理单位、人员不具有相应资质',NULL,NULL,0),(144,'工程项目管理','工程监理','监理资料不完整，归档不及时','监理资料不完整，归档不及时',NULL,NULL,0),(145,'工程项目管理','工程监理','未开展项目监理','未开展项目监理',NULL,NULL,0),(146,'工程项目管理','工程决算管理','工程决算超概算，未履行审批手续','其他费用未分项控制，超批准概算',NULL,NULL,0),(147,'工程项目管理','工程决算管理','工程决算超概算，未履行审批手续','基本预备费动用无审批手续',NULL,NULL,0),(148,'工程项目管理','工程决算管理','工程决算超概算，未履行审批手续','竣工决算超批准概算',NULL,NULL,0),(149,'工程项目管理','工程决算管理','竣工决算报告编制不合规','费用归集不完整、费用分摊不正确、计算存在错误',NULL,NULL,0),(150,'工程项目管理','工程决算管理','竣工决算报告编制不合规','决算报告不规范',NULL,NULL,0),(151,'工程项目管理','工程决算管理','提前或滞后办理竣工决算','提前或滞后办理竣工决算',NULL,NULL,0),(152,'工程项目管理','工程造价管理','概算编制不合理,审查不严格','项目概算超估算，规模超可研',NULL,NULL,0),(153,'工程项目管理','工程造价管理','概算编制不合理,审查不严格','概算存在重大漏项，工程量计算错误',NULL,NULL,0),(154,'工程项目管理','工程造价管理','概算编制不合理,审查不严格','概算费用计取标准不适当，依据不充分',NULL,NULL,0),(155,'工程项目管理','工程造价管理','结算管理不到位','未按合同约定方式进行结算',NULL,NULL,0),(156,'工程项目管理','工程造价管理','结算管理不到位','提前（滞后）办理结算',NULL,NULL,0),(157,'工程项目管理','工程造价管理','结算管理不到位','结算费用计取标准不适当，依据不充分',NULL,NULL,0),(158,'工程项目管理','工程造价管理','结算管理不到位','未履行结算审核程序',NULL,NULL,0),(159,'工程项目管理','工程造价管理','结算管理不到位','多结算工程费用',NULL,NULL,0),(160,'工程项目管理','工程造价管理','施工图预算管理不到位','未对施工图预算进行审核',NULL,NULL,0),(161,'工程项目管理','工程造价管理','施工图预算管理不到位','施工图预算存在重大漏项',NULL,NULL,0),(162,'工程项目管理','工程造价管理','施工图预算管理不到位','预算价虚高',NULL,NULL,0),(163,'工程项目管理','工程造价管理','施工图预算管理不到位','未编制施工图预算',NULL,NULL,0),(164,'工程项目管理','工程造价管理','未严格执行概算','结算概算外项目或工程内容',NULL,NULL,0),(165,'工程项目管理','工程造价管理','未严格执行概算','擅自扩大项目规模，提高建设标准',NULL,NULL,0),(166,'工程项目管理','工程造价管理','未严格执行概算','工程实际投资超概算',NULL,NULL,0),(167,'工程项目管理','立项管理','（无计划）提前实施项目','无计划或提前实施项目',NULL,NULL,0),(168,'工程项目管理','立项管理','可行性研究深度不够','可行性研究报告内容不完整',NULL,NULL,0),(169,'工程项目管理','立项管理','可行性研究深度不够','可行性研究深度不够，建设规模和投资出现较大差异',NULL,NULL,0),(170,'工程项目管理','立项管理','可行性研究未开展','可行性研究未开展',NULL,NULL,0),(171,'工程项目管理','立项管理','可行性研究未审批或超权限审批','可行性研究未审批或超权限审批',NULL,NULL,0),(172,'工程项目管理','立项管理','违规拆分项目，挤占挪用其它资金','违规拆分项目，挤占挪用其它资金',NULL,NULL,0),(173,'工程项目管理','立项管理','未进入储备库项目列入年度投资计划','未进入储备库项目列入年度投资计划',NULL,NULL,0),(174,'工程项目管理','立项管理','项目前期工作未列入年度计划','项目前期工作未列入年度计划',NULL,NULL,0),(175,'工程项目管理','立项管理','项目投资计划调整未按规定程序审批','项目实施与投资计划内容不符，未按规定履行备案或审批手续',NULL,NULL,0),(176,'工程项目管理','立项管理','项目投资计划调整未按规定程序审批','项目超计划投资或建设规模，未按规定履行备案或审批手续',NULL,NULL,0),(177,'工程项目管理','立项管理','重复立项（虚列项目）','重复立项，虚列项目',NULL,NULL,0),(178,'工程项目管理','设计管理','初步设计不符合规定','初步设计深度不足，造成施工图设计重大变更',NULL,NULL,0),(179,'工程项目管理','设计管理','初步设计不符合规定','初步设计未按批准的可行性研究报告编制',NULL,NULL,0),(180,'工程项目管理','设计管理','初步设计不符合规定','初步设计深度不足，重要设计参数与现场实际严重不符',NULL,NULL,0),(181,'工程项目管理','设计管理','初步设计审查、批复不合规','评审程序不规范，未核准先评审',NULL,NULL,0),(182,'工程项目管理','设计管理','初步设计审查、批复不合规','初步设计评审单位资质不符合要求',NULL,NULL,0),(183,'工程项目管理','设计管理','初步设计审查、批复不合规','初步设计规模和设计方案较可行性研究发生重大变化，未按规定履行审批手续',NULL,NULL,0),(184,'工程项目管理','设计管理','初步设计审查、批复不合规','评审程序不规范，先批复后评审',NULL,NULL,0),(185,'工程项目管理','设计管理','竣工图管理不合规','未编制竣工图',NULL,NULL,0),(186,'工程项目管理','设计管理','竣工图管理不合规','竣工图与现场实际不符',NULL,NULL,0),(187,'工程项目管理','设计管理','设计管理不规范','转包设计业务',NULL,NULL,0),(188,'工程项目管理','设计管理','设计管理不规范','违法分包设计业务',NULL,NULL,0),(189,'工程项目管理','设计管理','施工图会检（交底）不合规','未进行施工图会检',NULL,NULL,0),(190,'工程项目管理','设计管理','施工图会检（交底）不合规','未进行施工图设计交底',NULL,NULL,0),(191,'工程项目管理','设计管理','施工图设计深度不符合规定','施工图设计深度不足，设备材料量与现场实际严重不符',NULL,NULL,0),(192,'工程项目管理','设计管理','施工图设计深度不符合规定','施工图设计未按批准的初步设计编制',NULL,NULL,0),(193,'工程项目管理','设计管理','施工图设计深度不符合规定','施工图设计深度不足，造成重大变更或签证',NULL,NULL,0),(194,'工程项目管理','设计管理','施工图设计深度不符合规定','施工图设计深度不足，重要设计参数与现场实际严重不符',NULL,NULL,0),(195,'工程项目管理','设计管理','未开展项目设计','未开展项目设计',NULL,NULL,0),(196,'工程项目管理','施工单位管理','超资质、超范围承揽项目','无资质承揽业务',NULL,NULL,0),(197,'工程项目管理','施工单位管理','超资质、超范围承揽项目','超资质范围承揽工程',NULL,NULL,0),(198,'工程项目管理','施工单位管理','超资质、超范围承揽项目','挂靠资质承揽业务',NULL,NULL,0),(199,'工程项目管理','施工单位管理','分包管理不到位','未按规定监督劳务分包人员施工作业',NULL,NULL,0),(200,'工程项目管理','施工单位管理','分包管理不到位','分包合同不规范',NULL,NULL,0),(201,'工程项目管理','施工单位管理','分包管理不到位','分包未履行审批（备案）手续',NULL,NULL,0),(202,'工程项目管理','施工单位管理','分包管理不到位','专业分包施工方案未经审批',NULL,NULL,0),(203,'工程项目管理','施工单位管理','分包管理不到位','分包费用支付不合规',NULL,NULL,0),(204,'工程项目管理','施工单位管理','违法分包','将工程分包给不具备资质条件的单位或个人',NULL,NULL,0),(205,'工程项目管理','施工单位管理','违法分包','专业承包后违法进行专业分包',NULL,NULL,0),(206,'工程项目管理','施工单位管理','违法分包','劳务承包后违法进行分包',NULL,NULL,0),(207,'工程项目管理','施工单位管理','违法分包','劳务分包未按规定计取费用',NULL,NULL,0),(208,'工程项目管理','施工单位管理','违法分包','主体工程违法分包',NULL,NULL,0),(209,'工程项目管理','施工单位管理','违规出借资质','违规出借资质',NULL,NULL,0),(210,'工程项目管理','施工单位管理','项目部人员不符合要求','项目经理、技术负责人变更未履行报批手续',NULL,NULL,0),(211,'工程项目管理','施工单位管理','项目部人员不符合要求','项目经理、技术负责人不符合招标文件或合同的约定',NULL,NULL,0),(212,'工程项目管理','施工单位管理','转包工程','肢解分包',NULL,NULL,0),(213,'工程项目管理','施工单位管理','转包工程','整体转包',NULL,NULL,0),(214,'工程项目管理','项目实施管理','安全文明施工管理不到位','发生安全事故',NULL,NULL,0),(215,'工程项目管理','项目实施管理','安全文明施工管理不到位','安全文明措施费管理不合规',NULL,NULL,0),(216,'工程项目管理','项目实施管理','安全文明施工管理不到位','现场安全文明措施未落实到位',NULL,NULL,0),(217,'工程项目管理','项目实施管理','安全文明施工管理不到位','无票作业',NULL,NULL,0),(218,'工程项目管理','项目实施管理','工程档案管理不到位','工程档案资料不真实、不完整、不规范',NULL,NULL,0),(219,'工程项目管理','项目实施管理','工程档案管理不到位','工程档案资料归档不及时',NULL,NULL,0),(220,'工程项目管理','项目实施管理','环保、水保管理不到位','环保水保实施方案未有效执行',NULL,NULL,0),(221,'工程项目管理','项目实施管理','环保、水保管理不到位','未开展环保水保专项设计',NULL,NULL,0),(222,'工程项目管理','项目实施管理','设计变更及签证管控不到位','设计变更及签证不真实、不充分',NULL,NULL,0),(223,'工程项目管理','项目实施管理','设计变更及签证管控不到位','设计变更及签证不及时',NULL,NULL,0),(224,'工程项目管理','项目实施管理','设计变更及签证管控不到位','设计变更及签证价款确定与合同约定不符',NULL,NULL,0),(225,'工程项目管理','项目实施管理','设计变更及签证管控不到位','设计变更及签证审批流程不合规',NULL,NULL,0),(226,'工程项目管理','项目实施管理','设计变更及签证管控不到位','设计变更及签证内容不规范',NULL,NULL,0),(227,'工程项目管理','项目实施管理','违反基本建设程序','未批先建',NULL,NULL,0),(228,'工程项目管理','项目实施管理','违反基本建设程序','边勘察、边设计、边施工',NULL,NULL,0),(229,'工程项目管理','项目实施管理','项目实施进度滞后','虚报项目进度',NULL,NULL,0),(230,'工程项目管理','项目实施管理','项目实施进度滞后','未按计划完工',NULL,NULL,0),(231,'工程项目管理','项目实施管理','验收管理不到位','未完工提前验收',NULL,NULL,0),(232,'工程项目管理','项目实施管理','验收管理不到位','未开展中间验收、隐蔽工程验收和竣工验收',NULL,NULL,0),(233,'工程项目管理','项目实施管理','验收管理不到位','验收不规范',NULL,NULL,0),(234,'工程项目管理','项目实施管理','质量管控不到位','不按图（施工方案）施工',NULL,NULL,0),(235,'工程项目管理','项目实施管理','质量管控不到位','项目质量存在（严重）问题',NULL,NULL,0),(236,'工程项目管理','项目实施管理','质量管控不到位','使用明令淘汰（不合格）的产品',NULL,NULL,0),(237,'公务消费管理','（二）公务车购置及运行管理','超标准、超编制配备使用公务用车','向基层单位调换公务用车',NULL,NULL,0),(238,'公务消费管理','（二）公务车购置及运行管理','超标准、超编制配备使用公务用车','超编制配备公务用车',NULL,NULL,0),(239,'公务消费管理','（二）公务车购置及运行管理','超标准、超编制配备使用公务用车','超标准配备公务用车',NULL,NULL,0),(240,'公务消费管理','（二）公务车购置及运行管理','违规发放公车改革补助补贴','违规发放公车改革补助补贴',NULL,NULL,0),(241,'公务消费管理','（二）公务车购置及运行管理','未按规定管理公务用车','未按规定建立公务用车单车运行管理台账',NULL,NULL,0),(242,'公务消费管理','（二）公务车购置及运行管理','以其他方式列支公务用车费','向基层单位转嫁公务用车费用',NULL,NULL,0),(243,'公务消费管理','（二）公务车购置及运行管理','以其他方式列支公务用车费','超范围在其他业务成本中列支公务用车费',NULL,NULL,0),(244,'公务消费管理','（二）公务车购置及运行管理','以其他方式列支公务用车费','超范围在工程成本中列支公务用车费',NULL,NULL,0),(245,'公务消费管理','（二）公务车购置及运行管理','以其他方式列支公务用车费','公务用车费用挤占生产用车费用',NULL,NULL,0),(246,'公务消费管理','（六）楼堂馆所管理','超标准、超规模建设装修楼堂馆所','小型基建项目结算超概算',NULL,NULL,0),(247,'公务消费管理','（六）楼堂馆所管理','超标准、超规模建设装修楼堂馆所','超规模建设小型基建项目',NULL,NULL,0),(248,'公务消费管理','（六）楼堂馆所管理','拼盘建设楼堂馆所','挪用技改、大修等资金建设小型基建项目',NULL,NULL,0),(249,'公务消费管理','（六）楼堂馆所管理','未经审批购建楼堂馆所','无计划实施小型基建项目',NULL,NULL,0),(250,'公务消费管理','（六）楼堂馆所管理','以其他名义建设楼堂馆所','以其他名义建设楼堂馆所',NULL,NULL,0),(251,'公务消费管理','（三）公务接待管理','超范围、标准、计划列支接待费','向下属单位转嫁接待费用',NULL,NULL,0),(252,'公务消费管理','（三）公务接待管理','超范围、标准、计划列支接待费','陪餐人数超标准',NULL,NULL,0),(253,'公务消费管理','（三）公务接待管理','超范围、标准、计划列支接待费','超标准安排接待用餐、住宿',NULL,NULL,0),(254,'公务消费管理','（三）公务接待管理','超范围、标准、计划列支接待费','超范围在其他业务成本中列支招待费',NULL,NULL,0),(255,'公务消费管理','（三）公务接待管理','超范围、标准、计划列支接待费','在差旅费等生产成本中列支招待费',NULL,NULL,0),(256,'公务消费管理','（三）公务接待管理','超范围、标准、计划列支接待费','超范围在工程成本中列支招待费',NULL,NULL,0),(257,'公务消费管理','（三）公务接待管理','超范围、标准、计划列支接待费','未履行接待审批流程',NULL,NULL,0),(258,'公务消费管理','（三）公务接待管理','公款支付应当由个人负担的费用','报销因私接待或个人消费费用',NULL,NULL,0),(259,'公务消费管理','（三）公务接待管理','公款支付应当由个人负担的费用','列支与公务接待无关的旅游、参观等费用',NULL,NULL,0),(260,'公务消费管理','（三）公务接待管理','公务接待支付依据不足','招待费报销原始凭证不齐全',NULL,NULL,0),(261,'公务消费管理','（三）公务接待管理','公务接待支付依据不足','列支应由接待对象承担的差旅、会议、培训等费用',NULL,NULL,0),(262,'公务消费管理','（四）会议费管理','超范围、标准、计划列支会议费','列支未经审批，计划外召开的会议费用',NULL,NULL,0),(263,'公务消费管理','（四）会议费管理','超范围、标准、计划列支会议费','向下属单位转嫁会议费',NULL,NULL,0),(264,'公务消费管理','（四）会议费管理','超范围、标准、计划列支会议费','未遵循厉行节约原则，内部会议外部召开',NULL,NULL,0),(265,'公务消费管理','（四）会议费管理','超范围、标准、计划列支会议费','其他渠道列支会议费',NULL,NULL,0),(266,'公务消费管理','（四）会议费管理','超范围、标准、计划列支会议费','会议费支出超综合定额控制',NULL,NULL,0),(267,'公务消费管理','（四）会议费管理','会议费支付依据不足','列支会议费依据性资料不充分',NULL,NULL,0),(268,'公务消费管理','（四）会议费管理','会议费支付依据不足','违规列支与会议无关费用',NULL,NULL,0),(269,'公务消费管理','（四）会议费管理','虚列会议费','虚列会议费',NULL,NULL,0),(270,'公务消费管理','（五）办公用房管理','办公用房使用不符合规定','未按国家有关规定配置、使用办公用房',NULL,NULL,0),(271,'公务消费管理','（五）办公用房管理','办公用房使用不符合规定','出租、租赁办公用房未履行审批手续',NULL,NULL,0),(272,'公务消费管理','（一）因公出国（境）经费管理','假借考察名义变相出国（境）旅游','假借考察名义变相出国（境）旅游',NULL,NULL,0),(273,'公务消费管理','（一）因公出国（境）经费管理','未经批准因公出国（境）','未经批准因公出国（境）',NULL,NULL,0),(274,'合同管理','合同履行管理','合同执行不到位','合同执行不到位',NULL,NULL,0),(275,'合同管理','合同履行管理','违规进行合同变更','合同供货量超约定变化量，未重新纳入采购计划管理',NULL,NULL,0),(276,'合同管理','合同履行管理','违规进行合同变更','合同主要条款变更未补签协议',NULL,NULL,0),(277,'合同管理','合同签订管理','合同管理流程不合规','未在规定期限内审核合同',NULL,NULL,0),(278,'合同管理','合同签订管理','合同管理流程不合规','合同未在经法系统内流转',NULL,NULL,0),(279,'合同管理','合同签订管理','合同管理流程不合规','先签合同后流转经法系统',NULL,NULL,0),(280,'合同管理','合同签订管理','合同签订不及时','未在中标通知书规定时间内签订合同',NULL,NULL,0),(281,'合同管理','合同签订管理','合同签订不及时','应签未签合同',NULL,NULL,0),(282,'合同管理','合同签订管理','合同签订缺乏依据','合同签订缺乏依据',NULL,NULL,0),(283,'合同管理','合同签订管理','合同条款不合规、不严谨','违规对统一合同文本条款进行增减、删除或修改',NULL,NULL,0),(284,'合同管理','合同签订管理','合同条款不合规、不严谨','起草合同未采用适用合同文本',NULL,NULL,0),(285,'合同管理','合同签订管理','合同条款不合规、不严谨','合同文本要素不全，签章、日期等不全',NULL,NULL,0),(286,'合同管理','合同签订管理','合同条款不合规、不严谨','合同主要条款约定事项不明确、前后矛盾',NULL,NULL,0),(287,'合同管理','合同签订管理','合同主体不合规','以部门名义对外签订合同',NULL,NULL,0),(288,'合同管理','合同签订管理','合同主体不合规','与不具备资格的个人或单位签订合同',NULL,NULL,0),(289,'合同管理','合同签订管理','签订虚假、阴阳合同','签订文本和系统流转审核文本不一致',NULL,NULL,0),(290,'合同管理','合同签订管理','签订虚假、阴阳合同','签订虚假合同',NULL,NULL,0),(291,'合同管理','合同签订管理','未按中标结果签订合同','未按中标结果签订合同',NULL,NULL,0),(292,'后评价管理','后评价报告编制与审查','后评价报告内容不完整、不规范','后评价报告内容不完整、不规范',NULL,NULL,0),(293,'后评价管理','后评价成果应用','未构建项目后评价成果库','未构建项目后评价成果库',NULL,NULL,0),(294,'后评价管理','后评价组织与实施','后评价工作主体单位不合规','后评价工作主体单位不合规',NULL,NULL,0),(295,'后评价管理','后评价组织与实施','未开展或未按时完成代表性项目自评工作','未开展或未按时完成代表性项目自评工作',NULL,NULL,0),(296,'集体企业管理','关联交易方面','关联交易价格不公允、无依据等','关联企业房屋、车辆等资产租赁价格不公允',NULL,NULL,0),(297,'集体企业管理','关联交易方面','关联交易价格不公允、无依据等','物业管理等服务价格不公允',NULL,NULL,0),(298,'集体企业管理','关联交易方面','关联交易价格不公允、无依据等','关联企业承接主业工程结算价格过高',NULL,NULL,0),(299,'集体企业管理','关联交易方面','关联交易价格不公允、无依据等','物资采购价格违规加价',NULL,NULL,0),(300,'集体企业管理','关联交易方面','关联企业等用电管理不规范','关联企业用电未正常装表',NULL,NULL,0),(301,'集体企业管理','关联交易方面','关联企业等用电管理不规范','关联企业用电未全额缴纳电费',NULL,NULL,0),(302,'集体企业管理','关联交易方面','关联企业等用电管理不规范','关联企业用电未正常抄表、收费',NULL,NULL,0),(303,'集体企业管理','关联交易方面','关联企业等用电管理不规范','关联企业用电电价执行错误',NULL,NULL,0),(304,'集体企业管理','关联交易方面','关联企业间相互承担成本费用或变相提供福利','违规为关联企业承担成本费用',NULL,NULL,0),(305,'集体企业管理','关联交易方面','关联企业间相互承担成本费用或变相提供福利','违规为关联企业人员承担福利、保险等',NULL,NULL,0),(306,'集体企业管理','关联交易方面','关联企业间相互承担成本费用或变相提供福利','违规为关联企业人员发放薪酬',NULL,NULL,0),(307,'集体企业管理','关联交易方面','关联企业间资产、收入、人员划分不清','主业无偿使用集体企业资产',NULL,NULL,0),(308,'集体企业管理','关联交易方面','关联企业间资产、收入、人员划分不清','集体企业借用主业资质开展业务，取得收益',NULL,NULL,0),(309,'集体企业管理','关联交易方面','关联企业间资产、收入、人员划分不清','主业职工在集体企业借款',NULL,NULL,0),(310,'集体企业管理','关联交易方面','关联企业间资产、收入、人员划分不清','集体企业与主业之间房屋产权不清晰',NULL,NULL,0),(311,'集体企业管理','关联交易方面','关联企业间资产、收入、人员划分不清','集体企业无偿使用主业资产',NULL,NULL,0),(312,'集体企业管理','关联交易方面','通过虚假交易向关联企业转移利润','关联企业通过虚列工程套取主业资金',NULL,NULL,0),(313,'集体企业管理','关联交易方面','通过虚假交易向关联企业转移利润','关联企业通过虚假业务套取主业资金',NULL,NULL,0),(314,'集体企业管理','集体企业管理方面','存在管控体系外集体企业','集体企业未纳入合并报表',NULL,NULL,0),(315,'集体企业管理','集体企业管理方面','存在管控体系外集体企业','集体企业未纳入集体企业管控平台管理',NULL,NULL,0),(316,'集体企业管理','集体企业管理方面','法人治理结构及监督体系不完善','集体企业资产经营平台未建立',NULL,NULL,0),(317,'集体企业管理','集体企业管理方面','法人治理结构及监督体系不完善','集体企业资产管理委员会未能有效履行职责',NULL,NULL,0),(318,'集体企业管理','集体企业管理方面','法人治理结构及监督体系不完善','集体企业重大经营事项未履行恰当的审批手续',NULL,NULL,0),(319,'集体企业管理','集体企业管理方面','法人治理结构及监督体系不完善','集体企业资产纽带关系不合规',NULL,NULL,0),(320,'集体企业管理','集体企业管理方面','集体企业产权级次超规定','集体企业整体层级超过4级',NULL,NULL,0),(321,'集体企业管理','集体企业管理方面','集体企业产权级次超规定','集体企业违规交叉持股',NULL,NULL,0),(322,'集体企业管理','集体企业管理方面','集体企业超资质、超范围承揽业务','集体企业超经营范围承揽业务',NULL,NULL,0),(323,'集体企业管理','集体企业管理方面','集体企业超资质、超范围承揽业务','集体企业超资质承揽工程',NULL,NULL,0),(324,'集体企业管理','集体企业管理方面','企业改制、清算、转让不规范','集体企业股权对外转让未履行评估程序',NULL,NULL,0),(325,'集体企业管理','集体企业管理方面','企业改制、清算、转让不规范','集体企业未按规定及时整合',NULL,NULL,0),(326,'集体企业管理','集体企业管理方面','企业改制、清算、转让不规范','亏损集体企业未按照整合要求清算关闭',NULL,NULL,0),(327,'集体企业管理','集体企业管理方面','企业改制、清算、转让不规范','集体企业职工股权未及时清退',NULL,NULL,0),(328,'集体企业管理','集体企业管理方面','违规设立集体企业','未履行审批手续，违规新设集体企业',NULL,NULL,0),(329,'集体企业管理','集体企业管理方面','虚列成本费用','主业（集体）人员实施集体企业工程，虚报费用进行二次分配',NULL,NULL,0),(330,'集体企业管理','集体企业管理方面','注册资本与账面资本不一致','集体企业实收资本未到位',NULL,NULL,0),(331,'集体企业管理','集体企业管理方面','注册资本与账面资本不一致','集体企业存在虚假注资',NULL,NULL,0),(332,'内部控制管理','内控机制建设','风险管理体系建设不到位','全面风险管理委员会主要负责人由总会（财务部负责人）担任',NULL,NULL,0),(333,'内部控制管理','内控机制建设','风险管理体系建设不到位','未建立分专业风险预警指标体系',NULL,NULL,0),(334,'内部控制管理','内控机制建设','风险管理体系建设不到位','未设立全面风险管理委员会',NULL,NULL,0),(335,'内部控制管理','内控机制建设','机制建设和架构设置不合规','内部控制体系主要负责人由总会（财务部负责人）担任',NULL,NULL,0),(336,'内部控制管理','内控机制建设','机制建设和架构设置不合规','内部管理规定个别内容与上级单位相关规定冲突',NULL,NULL,0),(337,'内部控制管理','内控机制建设','机制建设和架构设置不合规','未及时修订内部管理规定',NULL,NULL,0),(338,'内部控制管理','内控机制建设','机制建设和架构设置不合规','未建立本单位内部控制体系',NULL,NULL,0),(339,'内部控制管理','内控执行方面','财产保护控制不到位','财产保护控制措施不到位，存在风险或损失',NULL,NULL,0),(340,'内部控制管理','内控执行方面','财产保护控制不到位','未经授权擅自处置财产',NULL,NULL,0),(341,'内部控制管理','内控执行方面','风险管理体系运行不到位','未开展年度风险评估',NULL,NULL,0),(342,'内部控制管理','内控执行方面','授权与审批控制不到位','审批程序不到位或审批意见不明确',NULL,NULL,0),(343,'内部控制管理','内控执行方面','授权与审批控制不到位','部门与岗位未授权或授权范围不明确',NULL,NULL,0),(344,'内部控制管理','内控执行方面','授权与审批控制不到位','部门与岗位未履行或超范围履行职责',NULL,NULL,0),(345,'内部控制管理','内控执行方面','信息与沟通控制不到位','信息沟通渠道不通畅，信息处理缺乏有效性',NULL,NULL,0),(346,'内部控制管理','内控执行方面','信息与沟通控制不到位','信息收集不及时、不准确、不完整',NULL,NULL,0),(347,'内部控制管理','内控执行方面','职责分工控制不到位','不相容职务未明确分离',NULL,NULL,0),(348,'内部控制管理','内控执行方面','职责分工控制不到位','部门与岗位职责履行不到位',NULL,NULL,0),(349,'内部控制管理','内控执行方面','职责分工控制不到位','关键岗位轮换制度执行不到位',NULL,NULL,0),(350,'内部控制管理','信息管理方面','系统账号使用管理不到位','系统账号应注销未注销',NULL,NULL,0),(351,'内部控制管理','信息管理方面','系统账号使用管理不到位','系统账号保管不到位（出借等）',NULL,NULL,0),(352,'内部控制管理','信息管理方面','系统账号使用管理不到位','系统口令不满足安全要求',NULL,NULL,0),(353,'内部控制管理','信息管理方面','系统账号使用管理不到位','违规使用他人账号',NULL,NULL,0),(354,'内部控制管理','信息管理方面','信息安全管理不规范','信息安全管理不规范',NULL,NULL,0),(355,'内部控制管理','信息管理方面','业务系统数据错误','业务系统初始数据录入错误',NULL,NULL,0),(356,'内部控制管理','信息管理方面','业务系统数据错误','人资系统信息维护不及时',NULL,NULL,0),(357,'内部控制管理','信息管理方面','业务系统数据错误','人力资源基础信息数据不准确',NULL,NULL,0),(358,'内部控制管理','信息管理方面','业务系统数据错误','业务系统信息维护薄弱（日常运行填列错误）',NULL,NULL,0),(359,'内部控制管理','信息管理方面','业务系统数据错误','业务系统信息维护不及时',NULL,NULL,0),(360,'人力资源管理','福利保障管理方面','保险资金监督管理未尽责','补充医疗保险监督管理未尽责',NULL,NULL,0),(361,'人力资源管理','福利保障管理方面','保险资金监督管理未尽责','企业年金监督管理未尽责',NULL,NULL,0),(362,'人力资源管理','福利保障管理方面','超比例计提住房补贴','超比例计提住房补贴',NULL,NULL,0),(363,'人力资源管理','福利保障管理方面','超计划、超范围、超标准列支福利','福利费超计划',NULL,NULL,0),(364,'人力资源管理','福利保障管理方面','超计划、超范围、超标准列支福利','其他福利费管理及支出不规范',NULL,NULL,0),(365,'人力资源管理','福利保障管理方面','超计划、超范围、超标准列支福利','离退休人员统筹管理及支出不规范',NULL,NULL,0),(366,'人力资源管理','福利保障管理方面','超计划、超范围、超标准列支福利','在劳保费等成本中列支员工福利',NULL,NULL,0),(367,'人力资源管理','福利保障管理方面','超计划、超范围、超标准列支福利','超范围、超标准列支体检费',NULL,NULL,0),(368,'人力资源管理','福利保障管理方面','超计划、超范围、超标准列支福利','疗休养管理及费用支出不规范',NULL,NULL,0),(369,'人力资源管理','福利保障管理方面','超计划、超范围、超标准列支福利','食堂经费管理及支出不规范',NULL,NULL,0),(370,'人力资源管理','福利保障管理方面','各类保险、公积金的缴费基数和比例、列支渠道不合规','超额提取补充医疗保险资金',NULL,NULL,0),(371,'人力资源管理','福利保障管理方面','各类保险、公积金的缴费基数和比例、列支渠道不合规','未如实申报并缴纳社会保险费',NULL,NULL,0),(372,'人力资源管理','福利保障管理方面','各类保险、公积金的缴费基数和比例、列支渠道不合规','为未签订劳动合同的人员缴纳社会保险费。',NULL,NULL,0),(373,'人力资源管理','福利保障管理方面','各类保险、公积金的缴费基数和比例、列支渠道不合规','超标准计提社保费用',NULL,NULL,0),(374,'人力资源管理','福利保障管理方面','各类保险、公积金的缴费基数和比例、列支渠道不合规','企业年金缴费比例不合规',NULL,NULL,0),(375,'人力资源管理','福利保障管理方面','违规购买商业保险','违规购买商业保险',NULL,NULL,0),(376,'人力资源管理','福利保障管理方面','违规使用补充医疗保险','用补充医疗保险购买药卡、提货卡',NULL,NULL,0),(377,'人力资源管理','福利保障管理方面','违规使用补充医疗保险','补充医疗保险报销不规范',NULL,NULL,0),(378,'人力资源管理','机构编制及干部配备方面','超机构规格提拔干部','领导干部“低职高配”',NULL,NULL,0),(379,'人力资源管理','机构编制及干部配备方面','超机构规格提拔干部','违反规定提拔干部',NULL,NULL,0),(380,'人力资源管理','机构编制及干部配备方面','超职数配备领导干部','领导干部超职数配备',NULL,NULL,0),(381,'人力资源管理','机构编制及干部配备方面','机构设置和人员配备不合规','人员配备超公司批复方案',NULL,NULL,0),(382,'人力资源管理','机构编制及干部配备方面','机构设置和人员配备不合规','未经公司批复自行设立机构',NULL,NULL,0),(383,'人力资源管理','机构编制及干部配备方面','擅自设置职务名称、提高职级待遇','擅自设置职务名称、提高职级待遇',NULL,NULL,0),(384,'人力资源管理','机构编制及干部配备方面','擅自设置职务名称、提高职级待遇','配备非实职干部',NULL,NULL,0),(385,'人力资源管理','机构编制及干部配备方面','退二线干部管理不合规','未建立退二线干部考勤考核机制',NULL,NULL,0),(386,'人力资源管理','机构编制及干部配备方面','退二线干部管理不合规','退二线干部在外兼职、经商办企业',NULL,NULL,0),(387,'人力资源管理','机构编制及干部配备方面','退二线干部管理不合规','干部不到年龄提前退二线',NULL,NULL,0),(388,'人力资源管理','绩效管理','绩效奖金分配不合规','同层级员工绩效薪金未拉开差距或差距不合规',NULL,NULL,0),(389,'人力资源管理','绩效管理','绩效奖金分配不合规','绩效管理与实际薪酬兑现“两张皮”',NULL,NULL,0),(390,'人力资源管理','绩效管理','绩效结果应用不到位','绩效结果应用不到位',NULL,NULL,0),(391,'人力资源管理','绩效管理','绩效考评控制不到位','绩效考核评价执行不到位',NULL,NULL,0),(392,'人力资源管理','绩效管理','未建立全员绩效管理制度','未建立全员绩效管理制度',NULL,NULL,0),(393,'人力资源管理','劳动定员及用工管理方面','存在人员混岗问题','存在人员混岗问题',NULL,NULL,0),(394,'人力资源管理','劳动定员及用工管理方面','劳动合同、借工合同签订不规范','借工协议签订、变更不规范',NULL,NULL,0),(395,'人力资源管理','劳动定员及用工管理方面','劳动合同、借工合同签订不规范','未签订劳动合同长期使用临时用工',NULL,NULL,0),(396,'人力资源管理','劳动定员及用工管理方面','劳动合同、借工合同签订不规范','劳动合同签订、变更不规范',NULL,NULL,0),(397,'人力资源管理','劳动定员及用工管理方面','劳务派遣管理不合规','派遣机构无相关资质',NULL,NULL,0),(398,'人力资源管理','劳动定员及用工管理方面','劳务派遣管理不合规','劳务派遣协议签订不完整',NULL,NULL,0),(399,'人力资源管理','劳动定员及用工管理方面','劳务派遣管理不合规','劳务派遣用工数量超用工总量10%',NULL,NULL,0),(400,'人力资源管理','劳动定员及用工管理方面','劳务派遣管理不合规','劳务派遣用工不符合“三性”要求（辅助性、临时性、替代性）',NULL,NULL,0),(401,'人力资源管理','劳动定员及用工管理方面','劳务派遣管理不合规','劳务派遣用工存在“再派遣”现象',NULL,NULL,0),(402,'人力资源管理','劳动定员及用工管理方面','瞒报、虚报或错报、漏报职工人数','主业各类用工与人力资源劳动统计报表人数不一致',NULL,NULL,0),(403,'人力资源管理','劳动定员及用工管理方面','瞒报、虚报或错报、漏报职工人数','集体企业实际人数与人力资源劳动统计报表数不一致',NULL,NULL,0),(404,'人力资源管理','劳动定员及用工管理方面','瞒报、虚报或错报、漏报职工人数','存在违规长期不在岗的职工',NULL,NULL,0),(405,'人力资源管理','劳动定员及用工管理方面','业务外包不规范','主业违规将核心业务发包给关联企业',NULL,NULL,0),(406,'人力资源管理','劳动定员及用工管理方面','业务外包不规范','多、少结算外包费',NULL,NULL,0),(407,'人力资源管理','劳动定员及用工管理方面','业务外包不规范','未履行非招标采购程序或程序履行不规范，定价无依据',NULL,NULL,0),(408,'人力资源管理','劳动定员及用工管理方面','业务外包不规范','负面清单业务违规外包',NULL,NULL,0),(409,'人力资源管理','劳动定员及用工管理方面','业务外包不规范','业务外包费结算无依据',NULL,NULL,0),(410,'人力资源管理','劳动定员及用工管理方面','业务外包不规范','外包合同签订不规范',NULL,NULL,0),(411,'人力资源管理','劳动定员及用工管理方面','以业务外包的形式变相使用劳务用工','业务外包不真实，存在假外包、真派遣等现象',NULL,NULL,0),(412,'人力资源管理','劳动定员及用工管理方面','应签未签劳务合同','应签未签劳务合同',NULL,NULL,0),(413,'人力资源管理','劳动定员及用工管理方面','用工超计划、超范围','超员单位大量使用社会化用工、业务外包',NULL,NULL,0),(414,'人力资源管理','劳动定员及用工管理方面','用工超计划、超范围','用工人数超国网公司批复计划',NULL,NULL,0),(415,'人力资源管理','劳动定员及用工管理方面','员工配置不合规','生产一线岗位工作年限执行不到位',NULL,NULL,0),(416,'人力资源管理','劳动定员及用工管理方面','员工配置不合规','内退人员管理不规范',NULL,NULL,0),(417,'人力资源管理','劳动定员及用工管理方面','员工配置不合规','内部人员流动管理不规范',NULL,NULL,0),(418,'人力资源管理','劳动定员及用工管理方面','员工配置不合规','岗位竞聘信息未公开',NULL,NULL,0),(419,'人力资源管理','劳动定员及用工管理方面','员工入口管理不规范','伪造、编造入职资料，审核不严',NULL,NULL,0),(420,'人力资源管理','劳动定员及用工管理方面','员工入口管理不规范','新进职工不满足规定条件',NULL,NULL,0),(421,'人力资源管理','劳动定员及用工管理方面','员工入口管理不规范','新进职工未经审批或手续不全',NULL,NULL,0),(422,'人力资源管理','培训经费管理','培训经费报销依据不充分','培训经费报销依据不充分',NULL,NULL,0),(423,'人力资源管理','培训经费管理','培训经费超计划、超范围、超标准','超标准、超范围列支教师酬金',NULL,NULL,0),(424,'人力资源管理','培训经费管理','培训经费超计划、超范围、超标准','超标准列支培训费',NULL,NULL,0),(425,'人力资源管理','培训经费管理','培训经费超计划、超范围、超标准','超计划列支培训费',NULL,NULL,0),(426,'人力资源管理','培训经费管理','培训经费超计划、超范围、超标准','超范围列支培训费',NULL,NULL,0),(427,'人力资源管理','培训经费管理','培训项目管理不到位','培训项目未下达培训通知',NULL,NULL,0),(428,'人力资源管理','培训经费管理','培训项目管理不到位','培训项目档案未统一管理',NULL,NULL,0),(429,'人力资源管理','培训经费管理','培训项目管理不到位','培训项目验收管理不到位',NULL,NULL,0),(430,'人力资源管理','培训经费管理','培训项目管理不到位','培训开发项目无开发项\n目说明书、实施计划书等',NULL,NULL,0),(431,'人力资源管理','培训经费管理','培训项目计划管理不规范','培训项目计划调整未按规定程序审批',NULL,NULL,0),(432,'人力资源管理','培训经费管理','培训项目计划管理不规范','未进入储备库项目列入年度培训计划',NULL,NULL,0),(433,'人力资源管理','培训经费管理','培训项目计划管理不规范','未编制或下达教育培训项目计划',NULL,NULL,0),(434,'人力资源管理','培训经费管理','培训项目计划管理不规范','未建立教育培训项目储备',NULL,NULL,0),(435,'人力资源管理','培训经费管理','培训项目计划管理不规范','无计划或提前实施培训项目',NULL,NULL,0),(436,'人力资源管理','培训经费管理','师资队伍管理不规范','未建立兼职培训师分级认证机制',NULL,NULL,0),(437,'人力资源管理','培训经费管理','师资队伍管理不规范','未严格执行专兼职培训师管理制度',NULL,NULL,0),(438,'人力资源管理','培训经费管理','师资队伍管理不规范','培训师队伍结构不合理',NULL,NULL,0),(439,'人力资源管理','培训经费管理','虚假列支培训费','虚假列支培训费',NULL,NULL,0),(440,'人力资源管理','薪酬管理方面','并表单位在地方重复申请工资计划','并表单位在地方重复申请工资计划',NULL,NULL,0),(441,'人力资源管理','薪酬管理方面','多渠道发放薪酬','各类补贴、返还、政府奖励等未纳入工资总额',NULL,NULL,0),(442,'人力资源管理','薪酬管理方面','多渠道发放薪酬','在成本费用中违规列支薪酬',NULL,NULL,0),(443,'人力资源管理','薪酬管理方面','工资发放总额超计划','公司工资发放总额超计划',NULL,NULL,0),(444,'人力资源管理','薪酬管理方面','工资发放总额超计划','公司本部工资总额超计划',NULL,NULL,0),(445,'人力资源管理','薪酬管理方面','工资发放总额超计划','农电用工工资总额超计划',NULL,NULL,0),(446,'人力资源管理','薪酬管理方面','领导层薪酬超标准发放或违规领取额外收入','领导层薪酬超标准发放或违规领取额外收入',NULL,NULL,0),(447,'人力资源管理','薪酬管理方面','违规套取资金用于发放职工薪酬','违规套取资金用于发放职工薪酬',NULL,NULL,0),(448,'人力资源管理','薪酬管理方面','未经批准擅自动用工资结余','未经批准擅自动用工资结余',NULL,NULL,0),(449,'人力资源管理','薪酬管理方面','未严格执行工资制度','薪档晋升不合规',NULL,NULL,0),(450,'人力资源管理','薪酬管理方面','未严格执行工资制度','工资结构不合规',NULL,NULL,0),(451,'人力资源管理','薪酬管理方面','未严格执行工资制度','收入分配不合规',NULL,NULL,0),(452,'三重一大决策','“三重一大”决策机制和决策程序','“三重一大”机制不健全','“三重一大”决策制度及决策配套制度、监督检查和责任追究制度缺失或部分制度条款不完善',NULL,NULL,0),(453,'三重一大决策','“三重一大”决策机制和决策程序','“三重一大”决策不合规','未履行或未规范履行决策程序',NULL,NULL,0),(454,'三重一大决策','“三重一大”决策机制和决策程序','“三重一大”决策不合规','“三重一大”事项未通过领导班子集体决策或超越权限范围决策',NULL,NULL,0),(455,'三重一大决策','“三重一大”决策机制和决策程序','“三重一大”决策不合规','“三重一大”决策准备工作不充分',NULL,NULL,0),(456,'三重一大决策','“三重一大”决策机制和决策程序','“三重一大”决策执行不到位、实施效果不佳','总经理办公会、党委会决议未执行或执行不到位',NULL,NULL,0),(457,'三重一大决策','“三重一大”决策机制和决策程序','“三重一大”决策执行不到位、实施效果不佳','“三重一大”决策执行过程控制不严',NULL,NULL,0),(458,'三重一大决策','“三重一大”决策机制和决策程序','“三重一大”决策执行不到位、实施效果不佳','“三重一大”决策事项未履行报批或备案手续',NULL,NULL,0),(459,'三重一大决策','“三重一大”决策机制和决策程序','“三重一大”决策执行不到位、实施效果不佳','“三重一大”决策后评估力度不够',NULL,NULL,0),(460,'三重一大决策','“三重一大”决策机制和决策程序','“三重一大”决策执行不到位、实施效果不佳','“三重一大”决策执行管控力度不足、责任追究力度不够',NULL,NULL,0),(461,'三重一大决策','“三重一大”决策机制和决策程序','“三重一大”决策执行不到位、实施效果不佳','“三重一大”决策失误造成重大损失',NULL,NULL,0),(462,'三重一大决策','“三重一大”决策机制和决策程序','发生“三重一大”决策信息泄密事件','发生“三重一大”决策信息泄密事件',NULL,NULL,0),(463,'三重一大决策','“三重一大”决策机制和决策程序','未贯彻落实上级重要工作部署','执行上级公司重要决策工作部署不到位',NULL,NULL,0),(464,'三重一大决策','三重一大决策-其他管理方面','“三重一大”记录、纪要不规范','总经理办公会、党委会会议记录不详细、不完整（未完整详细记录会议决定的事项、过程、参与人及其意见、结论等内容并存档备查）',NULL,NULL,0),(465,'三重一大决策','三重一大决策-其他管理方面','“三重一大”记录、纪要不规范','总经理办公会、党委会会议决定未形成会议纪要',NULL,NULL,0),(466,'三重一大决策','三重一大决策-其他管理方面','“三重一大”记录、纪要不规范','总经理办公会、党委会会议决定未形成会议纪要',NULL,NULL,0),(467,'三重一大决策','重大决策事项','违反规定进行项目投资','重大项目决策失误造成损失',NULL,NULL,0),(468,'三重一大决策','重大决策事项','违反规定进行项目投资','重大项目安排未严格履行决策程序',NULL,NULL,0),(469,'三重一大决策','重大决策事项','违规调度运作大额资金','未经集体讨论决策或审批擅自进行融资',NULL,NULL,0),(470,'三重一大决策','重大决策事项','违规调度运作大额资金','违规提供担保',NULL,NULL,0),(471,'三重一大决策','重大决策事项','违规调度运作大额资金','未经集体讨论决策或审批擅自进行证券投资、委托理财、委托贷款等资金运作',NULL,NULL,0),(472,'三重一大决策','重大决策事项','违规调度运作大额资金','大额资金运作决策失误造成损失',NULL,NULL,0),(473,'三重一大决策','重大决策事项','违规调度运作大额资金','未经集体讨论决策或审批擅自进行对外捐赠（违规进行对外捐赠）',NULL,NULL,0),(474,'三重一大决策','重大决策事项','重要人事、薪酬运作程序欠规范','薪酬、福利保障项目预算和使用未经集体决策或报批',NULL,NULL,0),(475,'三重一大决策','重大决策事项','重要人事、薪酬运作程序欠规范','重要人事任免未经集体决策',NULL,NULL,0),(476,'物资管理','结余和废旧物资管理','拆旧资产计划管理存在不足','未按要求编制拆旧资产计划',NULL,NULL,0),(477,'物资管理','结余和废旧物资管理','拆旧资产计划管理存在不足','拆旧资产计划编制依据不充分',NULL,NULL,0),(478,'物资管理','结余和废旧物资管理','拆旧资产鉴定不及时、不合规','废旧物资未履行报废手续',NULL,NULL,0),(479,'物资管理','结余和废旧物资管理','拆旧资产鉴定不及时、不合规','拆旧资产未按规定进行鉴定',NULL,NULL,0),(480,'物资管理','结余和废旧物资管理','拆旧资产鉴定不及时、不合规','违规报废可利用拆旧资产',NULL,NULL,0),(481,'物资管理','结余和废旧物资管理','拆旧资产未及时足额回收','拆旧资产未及时足额回收',NULL,NULL,0),(482,'物资管理','结余和废旧物资管理','拆旧资产未及时足额回收','以拆旧资产抵扣拆旧费用',NULL,NULL,0),(483,'物资管理','结余和废旧物资管理','废旧物资保管不到位','未按要求建立废旧物资台账',NULL,NULL,0),(484,'物资管理','结余和废旧物资管理','废旧物资保管不到位','废旧物资出入库手续不规范',NULL,NULL,0),(485,'物资管理','结余和废旧物资管理','废旧物资处置不合规','虚列废旧物资处置费用',NULL,NULL,0),(486,'物资管理','结余和废旧物资管理','废旧物资处置不合规','废旧物资处置费用列支不合规',NULL,NULL,0),(487,'物资管理','结余和废旧物资管理','废旧物资处置不合规','变压器、电能表等未按规定进行拆解处置',NULL,NULL,0),(488,'物资管理','结余和废旧物资管理','废旧物资处置不合规','出售废旧物资未在电子商务平台实施网上竞价',NULL,NULL,0),(489,'物资管理','结余和废旧物资管理','废旧物资处置不合规','未按竞价中标结果处理废旧物资',NULL,NULL,0),(490,'物资管理','结余和废旧物资管理','废旧物资处置不合规','废旧物资处置收入未按规定入账',NULL,NULL,0),(491,'物资管理','结余和废旧物资管理','结余物资未及时足额退库','结余物资未退或未足额退库，虚增项目成本',NULL,NULL,0),(492,'物资管理','结余和废旧物资管理','结余物资未及时足额退库','结余物资退库不及时',NULL,NULL,0),(493,'物资管理','物资仓储配送管理','存在大量帐外物资，管控不利','存在大量帐外物资，管控不利',NULL,NULL,0),(494,'物资管理','物资仓储配送管理','寄存物资管理不到位','长期寄存物资监管不力，造成物资流失',NULL,NULL,0),(495,'物资管理','物资仓储配送管理','寄存物资管理不到位','超规定范围寄存物资',NULL,NULL,0),(496,'物资管理','物资仓储配送管理','寄存物资管理不到位','未签订寄存协议擅自寄存物资',NULL,NULL,0),(497,'物资管理','物资仓储配送管理','库存物资管理不规范','库管设施不齐、分区不明、保管不善',NULL,NULL,0),(498,'物资管理','物资仓储配送管理','库存物资管理不规范','未定期对库存物资进行盘点',NULL,NULL,0),(499,'物资管理','物资仓储配送管理','库存物资管理不规范','库存物资账实不符',NULL,NULL,0),(500,'物资管理','物资仓储配送管理','库存物资管理不规范','库存物资超过规定时限',NULL,NULL,0),(501,'物资管理','物资仓储配送管理','库存物资管理不规范','库房设立不符合规定',NULL,NULL,0),(502,'物资管理','物资仓储配送管理','物资出入库手续不合规','物资未经验收或验收入库手续不完备',NULL,NULL,0),(503,'物资管理','物资仓储配送管理','物资出入库手续不合规','物资出库无手续或手续不齐全',NULL,NULL,0),(504,'物资管理','物资仓储配送管理','物资配送管理不到位','物资配送不及时、不到位',NULL,NULL,0),(505,'物资管理','物资仓储配送管理','物资配送管理不到位','配送管理不善导致物资遗失或毁损',NULL,NULL,0),(506,'物资管理','物资仓储配送管理','物资配送管理不到位','物资配送出现差错，重复配送增加费用',NULL,NULL,0),(507,'物资管理','物资仓储配送管理','物资虚假出入库','物资虚假出入库',NULL,NULL,0),(508,'物资管理','物资计划管理','物资计划管理不到位','在库物资未优先利库',NULL,NULL,0),(509,'物资管理','物资计划管理','物资计划管理不到位','物资计划提报与设计文件不一致',NULL,NULL,0),(510,'物资管理','物资计划管理','物资计划管理不到位','物资采购计划执行不到位',NULL,NULL,0),(511,'物资管理','物资计划管理','物资计划管理不到位','计划外采购物资',NULL,NULL,0),(512,'物资管理','物资质量监督','物资质量监督管理不到位','产品质量问题未反馈',NULL,NULL,0),(513,'物资管理','物资质量监督','物资质量监督管理不到位','物资抽检管理不到位',NULL,NULL,0),(514,'物资管理','物资质量监督','物资质量监督管理不到位','监造管理不到位',NULL,NULL,0),(515,'物资管理','物资质量监督','物资质量监督管理不到位','未开展设备监造工作',NULL,NULL,0),(516,'物资管理','应急物资管理','应急物资采购程序不规范','应急物资采购程序不规范',NULL,NULL,0),(517,'小金库治理','违规设立“小金库”','违规设置账外账','违规设置账外账',NULL,NULL,0),(518,'小金库治理','违规设立“小金库”','虚假交易设立“小金库”','虚假交易设立“小金库”',NULL,NULL,0),(519,'小金库治理','违规设立“小金库”','虚列成本设立“小金库”','虚列成本设立“小金库”',NULL,NULL,0),(520,'小金库治理','违规设立“小金库”','以其他方式设立“小金库”','无底稿',NULL,NULL,0),(521,'小金库治理','违规设立“小金库”','隐匿收入设立“小金库”','隐匿收入设立“小金库”',NULL,NULL,0),(522,'营销管理','抄核收管理方面','抄表不到位','估抄或漏抄电量',NULL,NULL,0),(523,'营销管理','抄核收管理方面','抄表不到位','未严格执行抄表例日或抄表周期制度',NULL,NULL,0),(524,'营销管理','抄核收管理方面','电费管理不规范','营销系统与财务系统的预收、应收、实收电费不一致',NULL,NULL,0),(525,'营销管理','抄核收管理方面','电费管理不规范','XX公司职工垫支电费',NULL,NULL,0),(526,'营销管理','抄核收管理方面','电费管理不规范','通过非政策性退补流程冲销用户当期电费',NULL,NULL,0),(527,'营销管理','抄核收管理方面','电费管理不规范','客户间转移支付不规范',NULL,NULL,0),(528,'营销管理','抄核收管理方面','电费管理不规范','预收电费冻结，变相收取电费保证金',NULL,NULL,0),(529,'营销管理','抄核收管理方面','电费管理不规范','用信用卡代付客户现金缴纳的电费',NULL,NULL,0),(530,'营销管理','抄核收管理方面','电费管理不规范','非电费账户收取电费',NULL,NULL,0),(531,'营销管理','抄核收管理方面','电费核算管理不规范','少计收变损或线损电量',NULL,NULL,0),(532,'营销管理','抄核收管理方面','电费核算管理不规范','未计收集体企业电费',NULL,NULL,0),(533,'营销管理','抄核收管理方面','电费核算管理不规范','电费退补审批手续不规范',NULL,NULL,0),(534,'营销管理','抄核收管理方面','电费核算管理不规范','电费退补依据不充分、退补计算不正确',NULL,NULL,0),(535,'营销管理','抄核收管理方面','人为调节营销等指标','人为调节售电量等指标',NULL,NULL,0),(536,'营销管理','抄核收管理方面','人为调节营销等指标',' 未完成售电量等指标',NULL,NULL,0),(537,'营销管理','抄核收管理方面','未及时缴纳政府性基金及附加','未及时缴纳政府性基金及附加',NULL,NULL,0),(538,'营销管理','电价执行方面','超出合同容量用电','超出合同容量用电',NULL,NULL,0),(539,'营销管理','电价执行方面','电价类别执行不正确','趸售电价执行不正确',NULL,NULL,0),(540,'营销管理','电价执行方面','电价类别执行不正确','未严格执行居民居民阶梯电价',NULL,NULL,0),(541,'营销管理','电价执行方面','电价类别执行不正确','工商业及其他（单一制）执行有误',NULL,NULL,0),(542,'营销管理','电价执行方面','电价类别执行不正确','应执行未执行工商业及其他（两部制）电价',NULL,NULL,0),(543,'营销管理','电价执行方面','电价类别执行不正确','不同电价类别的电量未分别计量',NULL,NULL,0),(544,'营销管理','电价执行方面','电价类别执行不正确','工商业及其他（单一制）执行有误',NULL,NULL,0),(545,'营销管理','电价执行方面','电价类别执行不正确','农业生产（或排灌）电价执行有误',NULL,NULL,0),(546,'营销管理','电价执行方面','电价类别执行不正确','居民生活（或合表）电价执行有误',NULL,NULL,0),(547,'营销管理','电价执行方面','分时电价执行不正确','峰谷电价（丰枯电价）执行不正确',NULL,NULL,0),(548,'营销管理','电价执行方面','分时电价执行不正确','应执行未执行峰谷电价（丰枯电价）',NULL,NULL,0),(549,'营销管理','电价执行方面','分时电价执行不正确','应执行未执行峰谷电价（丰枯电价）',NULL,NULL,0),(550,'营销管理','电价执行方面','分时电价执行不正确','应执行未执行峰谷电价（丰枯电价）',NULL,NULL,0),(551,'营销管理','电价执行方面','分时电价执行不正确','应执行未执行峰谷电价（丰枯电价）',NULL,NULL,0),(552,'营销管理','电价执行方面','分时电价执行不正确','峰谷电价（丰枯电价）时段不正确',NULL,NULL,0),(553,'营销管理','电价执行方面','分时电价执行不正确','应执行未执行峰谷电价（丰枯电价）',NULL,NULL,0),(554,'营销管理','电价执行方面','工商业及其他（两部制）电价执行不正确','需量用户计收基本电费错误。',NULL,NULL,0),(555,'营销管理','电价执行方面','工商业及其他（两部制）电价执行不正确','新装、增容及变更用电用户基本电费计收错误',NULL,NULL,0),(556,'营销管理','电价执行方面','工商业及其他（两部制）电价执行不正确','新装、增容及变更用电用户基本电费计收错误',NULL,NULL,0),(557,'营销管理','电价执行方面','工商业及其他（两部制）电价执行不正确','新装、增容及变更用电用户基本电费计收错误',NULL,NULL,0),(558,'营销管理','电价执行方面','工商业及其他（两部制）电价执行不正确','新装、增容及变更用电用户基本电费计收错误',NULL,NULL,0),(559,'营销管理','电价执行方面','工商业及其他（两部制）电价执行不正确','新装、增容及变更用电用户基本电费计收错误',NULL,NULL,0),(560,'营销管理','电价执行方面','工商业及其他（两部制）电价执行不正确','新装、增容及变更用电用户基本电费计收错误',NULL,NULL,0),(561,'营销管理','电价执行方面','工商业及其他（两部制）电价执行不正确','基本电费计收方式变更，错收基本电费',NULL,NULL,0),(562,'营销管理','电价执行方面','功率因数调整电费政策执行不正确','功率因数执行标准不正确',NULL,NULL,0),(563,'营销管理','电价执行方面','功率因数调整电费政策执行不正确','应执行未执行功率因数调整电费政策',NULL,NULL,0),(564,'营销管理','电价执行方面','功率因数调整电费政策执行不正确','功率因数执行标准不正确',NULL,NULL,0),(565,'营销管理','电价执行方面','功率因数调整电费政策执行不正确','功率因数执行标准不正确',NULL,NULL,0),(566,'营销管理','电价执行方面','优惠电价、差别电价等执行不正确','违规改变电价标准',NULL,NULL,0),(567,'营销管理','电价执行方面','优惠电价、差别电价等执行不正确','差别电价标准执行不正确',NULL,NULL,0),(568,'营销管理','电价执行方面','优惠电价、差别电价等执行不正确','应执行未执行差别电价',NULL,NULL,0),(569,'营销管理','电价执行方面','政府性基金及附加计收不正确','城市公用事业附加费计收不正确',NULL,NULL,0),(570,'营销管理','电价执行方面','政府性基金及附加计收不正确','可再生能源电价附加计收不正确',NULL,NULL,0),(571,'营销管理','电价执行方面','政府性基金及附加计收不正确','大中型及地方水库移民后期扶持资金计收不正确',NULL,NULL,0),(572,'营销管理','电价执行方面','政府性基金及附加计收不正确','重大水利工程建设基金计收不正确',NULL,NULL,0),(573,'营销管理','电价执行方面','自备电厂相关费用计收不正确','自备电厂自用电量收取政府性基金及附加错误',NULL,NULL,0),(574,'营销管理','电力交易管理方面','不合格机组或自备电厂违规并网','不合格机组或自备电厂违规并网',NULL,NULL,0),(575,'营销管理','电力交易管理方面','购电管理不规范','以上网电量抵消用网电量',NULL,NULL,0),(576,'营销管理','电力交易管理方面','购电管理不规范','大用户直购电审批手续不规范',NULL,NULL,0),(577,'营销管理','电力交易管理方面','购电管理不规范','大用户直购电电能结算不正确',NULL,NULL,0),(578,'营销管理','电力交易管理方面','购电管理不规范','发电权交易不规范',NULL,NULL,0),(579,'营销管理','电力交易管理方面','购电管理不规范','跨省区电力交易不规范',NULL,NULL,0),(580,'营销管理','电力交易管理方面','购电管理不规范','结算电量抄录有误',NULL,NULL,0),(581,'营销管理','电力交易管理方面','购电管理不规范','超计划或计划外结算上网电量',NULL,NULL,0),(582,'营销管理','电力交易管理方面','购电管理不规范','超计划或计划外结算跨区跨省交易电量',NULL,NULL,0),(583,'营销管理','电力交易管理方面','上网电价、输配电价等执行不正确','输配电价不正确或缺少依据',NULL,NULL,0),(584,'营销管理','电力交易管理方面','上网电价、输配电价等执行不正确','上网电价不正确或缺少依据',NULL,NULL,0),(585,'营销管理','电能计量管理方面','计量装置出入库管理不规范','计量装置未定期盘点、账卡物不一致',NULL,NULL,0),(586,'营销管理','电能计量管理方面','计量装置出入库管理不规范','电能表“以领带耗”',NULL,NULL,0),(587,'营销管理','电能计量管理方面','计量装置出入库管理不规范','存在超期电能表',NULL,NULL,0),(588,'营销管理','电能计量管理方面','计量装置管理不规范','计量装置不满足计量标准',NULL,NULL,0),(589,'营销管理','电能计量管理方面','计量装置管理不规范','电能表故障或接线错误',NULL,NULL,0),(590,'营销管理','电能计量管理方面','计量装置管理不规范','电能表综合倍率有误',NULL,NULL,0),(591,'营销管理','电能计量管理方面','计量装置管理不规范','计量故障和差错处理不正确',NULL,NULL,0),(592,'营销管理','电能计量管理方面','计量装置管理不规范','计量故障和差错处理不正确',NULL,NULL,0),(593,'营销管理','电能计量管理方面','计量装置轮换及封印管理不规范','计量装置封印管理不到位',NULL,NULL,0),(594,'营销管理','电能计量管理方面','计量装置轮换及封印管理不规范','未按照规定对计量装置进行轮换',NULL,NULL,0),(595,'营销管理','基础管理方面','流程处理不规范','营销系统流程与实际情况不一致。',NULL,NULL,0),(596,'营销管理','基础管理方面','流程处理不规范','无流程处理业务',NULL,NULL,0),(597,'营销管理','基础管理方面','人为调整线损指标','人为调整线损指标',NULL,NULL,0),(598,'营销管理','基础管理方面','线损管理不规范','用电采集成功率较低',NULL,NULL,0),(599,'营销管理','基础管理方面','线损管理不规范','10千伏线路存在打包不规范的情况',NULL,NULL,0),(600,'营销管理','基础管理方面','线损管理不规范','部分中压配电网线路供电半径超长、线径小',NULL,NULL,0),(601,'营销管理','基础管理方面','线损管理不规范','未按规定更换高能耗配变',NULL,NULL,0),(602,'营销管理','基础管理方面','线损管理不规范','10千伏线路存在线变关系错误',NULL,NULL,0),(603,'营销管理','基础管理方面','线损管理不规范','存在线损异常台区',NULL,NULL,0),(604,'营销管理','基础管理方面','线损管理不规范','台区户变关系清理不够彻底',NULL,NULL,0),(605,'营销管理','基础管理方面','线损管理不规范','线损管理办法执行不到位',NULL,NULL,0),(606,'营销管理','基础管理方面','线损管理不规范','同期线损系统关口计量点追补电量不规范',NULL,NULL,0),(607,'营销管理','基础管理方面','线损管理不规范','关口电能计量装置消缺不及时',NULL,NULL,0),(608,'营销管理','基础管理方面','线损管理不规范','关口计量装置消缺不规范',NULL,NULL,0),(609,'营销管理','基础管理方面','线损指标未完成','线损指标未完成',NULL,NULL,0),(610,'营销管理','基础管理方面','营销系统信息与用户档案不一致','营销系统信息与用户档案不一致',NULL,NULL,0),(611,'营销管理','基础管理方面','营销系统应用权限管理不到位','营销系统应用权限存在交叉',NULL,NULL,0),(612,'营销管理','基础管理方面','营销系统应用权限管理不到位','营销系统应用权限审批手续不健全',NULL,NULL,0),(613,'营销管理','农维费管理方面','农维费计提标准不正确','农维费计提范围有误',NULL,NULL,0),(614,'营销管理','农维费管理方面','农维费计提标准不正确','农维费计提标准有误',NULL,NULL,0),(615,'营销管理','业扩报装管理方面','存在“三指定”问题','指定施工单位',NULL,NULL,0),(616,'营销管理','业扩报装管理方面','存在“三指定”问题','指定设计单位',NULL,NULL,0),(617,'营销管理','业扩报装管理方面','存在“三指定”问题','指定物资供应单位',NULL,NULL,0),(618,'营销管理','业扩报装管理方面','供电方案不规范','供电方案不完整、不准确',NULL,NULL,0),(619,'营销管理','业扩报装管理方面','供电方案不规范','现场勘查记录不完整或有误',NULL,NULL,0),(620,'营销管理','业扩报装管理方面','设计施工审查不到位','设计文件不符合技术标准或供电方案',NULL,NULL,0),(621,'营销管理','业扩报装管理方面','设计施工审查不到位','设计单位不具备相应资质',NULL,NULL,0),(622,'营销管理','业扩报装管理方面','设计施工审查不到位','施工单位不具备相应资质',NULL,NULL,0),(623,'营销管理','业扩报装管理方面','业扩报装过程管控不合规 ','业扩报装资料不规范',NULL,NULL,0),(624,'营销管理','业扩报装管理方面','业扩报装过程管控不合规 ','业扩报装流程不规范、不完整',NULL,NULL,0),(625,'营销管理','业扩报装管理方面','业扩报装过程管控不合规 ','业扩报装业务时限超期',NULL,NULL,0),(626,'营销管理','营销管理－其它管理方面','','',NULL,NULL,0),(627,'营销管理','营业收费管理方面','营业费用收取不准确','新建小区计收供电配套费有误',NULL,NULL,0),(628,'营销管理','营业收费管理方面','营业费用收取不准确','营业费用未计收或计收有误',NULL,NULL,0),(629,'营销管理','营业收费管理方面','营业费用收取不准确','新建小区未计收供电配套费',NULL,NULL,0),(630,'营销管理','用电检查管理方面','超期临时用电未及时处理','超期临时用电未及时处理',NULL,NULL,0),(631,'营销管理','用电检查管理方面','定量定比核定不准确','定量定比核定不准确',NULL,NULL,0),(632,'营销管理','用电检查管理方面','供用电合同、购售电合同签订不规范','供用电合同签订不规范',NULL,NULL,0),(633,'营销管理','用电检查管理方面','供用电合同、购售电合同签订不规范','购售电合同签订不规范',NULL,NULL,0),(634,'营销管理','用电检查管理方面','供用电合同、购售电合同签订不规范','供用电合同签订不规范',NULL,NULL,0),(635,'营销管理','用电检查管理方面','供用电合同、购售电合同签订不规范','供用电合同签订不规范',NULL,NULL,0),(636,'营销管理','用电检查管理方面','违约用电、窃电处理不到位','违约用电、窃电电费计算不准确',NULL,NULL,0),(637,'营销管理','用电检查管理方面','违约用电、窃电处理不到位','违约用电、窃电处理手续不规范',NULL,NULL,0),(638,'营销管理','用电检查管理方面','违约用电、窃电电查处不到位','违约用电、窃电电查处不到位',NULL,NULL,0),(639,'营销管理','用电检查管理方面','未签订供用电合同（购售电合同）','未签订供用电合同（购售电合同）',NULL,NULL,0),(640,'营销管理','用电检查管理方面','用电检查计划管理执行不到位','未制定用电检查计划或不具有执行性',NULL,NULL,0),(641,'营销管理','用电检查管理方面','用电检查计划管理执行不到位','未严格执行用电检查计划',NULL,NULL,0),(642,'招投标管理','非招标管理','采购文件编制、审核、发布不规范','采购文件内容存在重大遗漏或差错',NULL,NULL,0),(643,'招投标管理','非招标管理','采购文件编制、审核、发布不规范','采购文件发售不符合规定',NULL,NULL,0),(644,'招投标管理','非招标管理','采购文件编制、审核、发布不规范','限价设置不规范',NULL,NULL,0),(645,'招投标管理','非招标管理','采购文件编制、审核、发布不规范','设置不合理条件限制、排斥潜在供应商',NULL,NULL,0),(646,'招投标管理','非招标管理','非招标采购方式不合理','非招标采购方式不合理',NULL,NULL,0),(647,'招投标管理','非招标管理','非招标程序不规范','非招标程序不规范',NULL,NULL,0),(648,'招投标管理','非招标管理','非招标代理费收取不规范','非招标代理费未收取或未足额收取',NULL,NULL,0),(649,'招投标管理','非招标管理','非招标评审不规范','评审专家人数或组成不符合规定',NULL,NULL,0),(650,'招投标管理','非招标管理','非招标评审不规范','评标专家履职不到位',NULL,NULL,0),(651,'招投标管理','非招标管理','非招标评审不规范','以不合理理由否决供应商',NULL,NULL,0),(652,'招投标管理','非招标管理','非招标评审不规范','应否决的应答文件未否决',NULL,NULL,0),(653,'招投标管理','非招标管理','非招标评审不规范','应终止的采购活动未中止',NULL,NULL,0),(654,'招投标管理','非招标管理','非招标评审不规范','非招标采购资料签字不完善',NULL,NULL,0),(655,'招投标管理','非招标管理','非招标投标保证金管理不合规','未按规定专户储存投标保证金或挪用投标保证金',NULL,NULL,0),(656,'招投标管理','非招标管理','非招标投标保证金管理不合规','未按规定清退投标保证金',NULL,NULL,0),(657,'招投标管理','非招标管理','非招标资料管理不规范','非招标资料管理不规范',NULL,NULL,0),(658,'招投标管理','非招标管理','未按约定收取履约保证金','未按约定收取履约保证金',NULL,NULL,0),(659,'招投标管理','非招标管理','未履行非招标程序','直接指定服务商',NULL,NULL,0),(660,'招投标管理','非招标管理','未履行非招标程序','未经授权直接组织非招标采购',NULL,NULL,0),(661,'招投标管理','非招标管理','虚假非招标','项目先实施后组织非招标',NULL,NULL,0),(662,'招投标管理','非招标管理','虚假非招标','先签订合同后组织非招标',NULL,NULL,0),(663,'招投标管理','供应商管理','供应商管理不到位','供应商违约问题处理不到位',NULL,NULL,0),(664,'招投标管理','供应商管理','供应商管理不到位','未建立供应商信息库',NULL,NULL,0),(665,'招投标管理','供应商管理','供应商管理不到位','供应商资格条件不符合要求',NULL,NULL,0),(666,'招投标管理','供应商管理','供应商管理不到位','未组织供应商后评估工作',NULL,NULL,0),(667,'招投标管理','招标管理','定标管理不规范','未履行定标程序',NULL,NULL,0),(668,'招投标管理','招标管理','定标管理不规范','未进行中标公示或公示期不满足要求',NULL,NULL,0),(669,'招投标管理','招标管理','定标管理不规范','中标通知书中中标单位、中标金额与定标结果不一致',NULL,NULL,0),(670,'招投标管理','招标管理','开标不规范','开标不规范',NULL,NULL,0),(671,'招投标管理','招标管理','评标管理不规范','投标人数量不满足要求未中止评标',NULL,NULL,0),(672,'招投标管理','招标管理','评标管理不规范','评标委员会组建不符合相关规定',NULL,NULL,0),(673,'招投标管理','招标管理','评标管理不规范','应否决的投标人未否决（无资质、无能力供应商中标，虚假投标，相互围标、串通投标，存在产权纽带或管理关系的关联企业投标同一项目等情况）',NULL,NULL,0),(674,'招投标管理','招标管理','评标管理不规范','以不合理理由否决投标人',NULL,NULL,0),(675,'招投标管理','招标管理','评标专家管理不到位','超范围、超标准发放评标专家咨询费',NULL,NULL,0),(676,'招投标管理','招标管理','评标专家管理不到位','评标专家履职不到位',NULL,NULL,0),(677,'招投标管理','招标管理','评标专家管理不到位','评标专家参与评标频次超过规定次数',NULL,NULL,0),(678,'招投标管理','招标管理','投标保证金管理不合规','未按规定专户储存投标保证金或挪用投标保证金',NULL,NULL,0),(679,'招投标管理','招标管理','投标保证金管理不合规','未按规定清退投标保证金',NULL,NULL,0),(680,'招投标管理','招标管理','违规挂靠注册资格人员','违规挂靠注册资格人员',NULL,NULL,0),(681,'招投标管理','招标管理','违规组织项目招标','越权组织项目招标',NULL,NULL,0),(682,'招投标管理','招标管理','违规组织项目招标','未取得项目审批或核准，先行组织招标',NULL,NULL,0),(683,'招投标管理','招标管理','违规组织项目招标','项目资金来源及技术要求未落实，先行组织招标',NULL,NULL,0),(684,'招投标管理','招标管理','未按约定收取履约保证金','未按约定收取履约保证金',NULL,NULL,0),(685,'招投标管理','招标管理','虚假招标','先签订合同后组织招标',NULL,NULL,0),(686,'招投标管理','招标管理','虚假招标','项目先施工后组织招标',NULL,NULL,0),(687,'招投标管理','招标管理','应招未招','直接指定供应商',NULL,NULL,0),(688,'招投标管理','招标管理','应招未招','应纳入招标范围的物资和服务未招标',NULL,NULL,0),(689,'招投标管理','招标管理','应招未招','拆分项目规避招标',NULL,NULL,0),(690,'招投标管理','招标管理','应招未招','招标目录内物资由施工单位采购',NULL,NULL,0),(691,'招投标管理','招标管理','招标代理费收取不规范','招标代理机构违规收取费用',NULL,NULL,0),(692,'招投标管理','招标管理','招标代理费收取不规范','招标代理费未收取或未足额收取',NULL,NULL,0),(693,'招投标管理','招标管理','招标方式不合规','未按要求采用工程量清单招标',NULL,NULL,0),(694,'招投标管理','招标管理','招标方式不合规','应公开招标采取邀请招标',NULL,NULL,0),(695,'招投标管理','招标管理','招标文件编制、审核、发布不规范','招标文件澄清或修改时间、方式不合规',NULL,NULL,0),(696,'招投标管理','招标管理','招标文件编制、审核、发布不规范','招标人设置不合理条件限制、排斥潜在投标人',NULL,NULL,0),(697,'招投标管理','招标管理','招标文件编制、审核、发布不规范','成交通知书未按规定时间发布',NULL,NULL,0),(698,'招投标管理','招标管理','招标文件编制、审核、发布不规范','未按规定在指定媒介发布资格预审公告或招标公告',NULL,NULL,0),(699,'招投标管理','招标管理','招标文件编制、审核、发布不规范','招标文件发布时间少于法定时间',NULL,NULL,0),(700,'招投标管理','招标管理','招标文件编制、审核、发布不规范','招标限价设置不合理',NULL,NULL,0),(701,'招投标管理','招标管理','招标文件编制、审核、发布不规范','招标文件条款存在重大遗漏或差错',NULL,NULL,0),(702,'招投标管理','招标管理','招投标资料管理不规范','招投标资料管理不规范',NULL,NULL,1);
/*!40000 ALTER TABLE `class` ENABLE KEYS */;
UNLOCK TABLES;

--
-- Table structure for table `class_text`
--

DROP TABLE IF EXISTS `class_text`;
/*!40101 SET @saved_cs_client     = @@character_set_client */;
/*!50503 SET character_set_client = utf8mb4 */;
CREATE TABLE `class_text` (
  `id` int NOT NULL AUTO_INCREMENT,
  `create_time` datetime DEFAULT NULL,
  `update_time` datetime DEFAULT NULL,
  `text_id` int DEFAULT NULL,
  `class_id` int DEFAULT NULL,
  `is_confirm` varchar(50) DEFAULT NULL,
  `type` varchar(255) DEFAULT NULL COMMENT '分类类型：用户、系统',
  `recommend` varchar(255) DEFAULT NULL,
  PRIMARY KEY (`id`)
) ENGINE=InnoDB AUTO_INCREMENT=72 DEFAULT CHARSET=utf8mb3;
/*!40101 SET character_set_client = @saved_cs_client */;

--
-- Dumping data for table `class_text`
--

LOCK TABLES `class_text` WRITE;
/*!40000 ALTER TABLE `class_text` DISABLE KEYS */;
INSERT INTO `class_text` VALUES (37,'2023-05-18 23:39:36','2023-05-18 23:39:36',35,111,NULL,'system','24.90743237838241'),(38,'2023-05-18 23:39:36','2023-05-18 23:39:36',35,248,NULL,'system','23.753883851714143'),(39,'2023-05-18 23:39:36','2023-05-18 23:39:36',35,626,NULL,'system','25.186932904084184'),(40,'2023-05-19 00:04:49','2023-05-19 00:04:49',36,111,NULL,'system','24.90743237838241'),(41,'2023-05-19 00:04:49','2023-05-19 00:04:49',36,248,NULL,'system','23.753883851714143'),(42,'2023-05-19 00:04:49','2023-05-19 00:04:49',36,626,NULL,'system','25.186932904084184'),(43,'2023-05-19 00:05:27','2023-05-19 00:05:27',36,13,NULL,'user',NULL),(44,'2023-05-19 00:07:31','2023-05-19 00:07:31',37,48,NULL,'system','21.093844441268946'),(45,'2023-05-19 00:07:31','2023-05-19 00:07:31',37,229,NULL,'system','22.013138416421484'),(46,'2023-05-19 00:07:31','2023-05-19 00:07:31',37,626,NULL,'system','25.348399375329862'),(47,'2023-05-19 00:11:48','2023-05-19 00:11:48',37,1,NULL,'user',NULL),(48,'2023-05-19 00:53:40','2023-05-19 00:53:40',38,15,NULL,'system','23.84889900777299'),(49,'2023-05-19 00:53:40','2023-05-19 00:53:40',38,422,NULL,'system','23.86358773369281'),(50,'2023-05-19 00:53:40','2023-05-19 00:53:40',38,626,NULL,'system','25.066596756117207'),(51,'2023-05-19 00:55:35','2023-05-19 00:55:35',39,15,NULL,'system','23.84889900777299'),(52,'2023-05-19 00:55:35','2023-05-19 00:55:35',39,422,NULL,'system','23.86358773369281'),(53,'2023-05-19 00:55:35','2023-05-19 00:55:35',39,626,NULL,'system','25.066596756117207'),(54,'2023-05-19 00:56:28','2023-05-19 00:56:28',39,87,NULL,'user',NULL),(55,'2023-05-19 09:38:49','2023-05-19 09:38:49',40,15,NULL,'system','23.84889900777299'),(56,'2023-05-19 09:38:49','2023-05-19 09:38:49',40,422,NULL,'system','23.86358773369281'),(57,'2023-05-19 09:38:49','2023-05-19 09:38:49',40,626,NULL,'system','25.066596756117207'),(58,'2023-05-19 09:39:08','2023-05-19 09:39:08',41,15,NULL,'system','23.84889900777299'),(59,'2023-05-19 09:39:08','2023-05-19 09:39:08',41,422,NULL,'system','23.86358773369281'),(60,'2023-05-19 09:39:08','2023-05-19 09:39:08',41,626,NULL,'system','25.066596756117207'),(61,'2023-05-19 21:11:55','2023-05-19 21:11:55',42,15,NULL,'system','23.84889900777299'),(62,'2023-05-19 21:11:55','2023-05-19 21:11:55',42,422,NULL,'system','23.86358773369281'),(63,'2023-05-19 21:11:55','2023-05-19 21:11:55',42,626,NULL,'system','25.066596756117207'),(64,'2023-05-19 21:13:30','2023-05-19 21:13:30',42,1,NULL,'user',NULL),(65,'2023-05-19 21:14:49','2023-05-19 21:14:49',43,15,NULL,'system','23.84889900777299'),(66,'2023-05-19 21:14:50','2023-05-19 21:14:50',43,422,NULL,'system','23.86358773369281'),(67,'2023-05-19 21:14:50','2023-05-19 21:14:50',43,626,NULL,'system','25.066596756117207'),(68,'2023-05-19 21:15:06','2023-05-19 21:15:06',44,15,NULL,'system','23.84889900777299'),(69,'2023-05-19 21:15:06','2023-05-19 21:15:06',44,422,NULL,'system','23.86358773369281'),(70,'2023-05-19 21:15:06','2023-05-19 21:15:06',44,626,NULL,'system','25.066596756117207'),(71,'2023-05-19 21:15:18','2023-05-19 21:15:18',44,1,NULL,'user',NULL);
/*!40000 ALTER TABLE `class_text` ENABLE KEYS */;
UNLOCK TABLES;

--
-- Table structure for table `data_set`
--

DROP TABLE IF EXISTS `data_set`;
/*!40101 SET @saved_cs_client     = @@character_set_client */;
/*!50503 SET character_set_client = utf8mb4 */;
CREATE TABLE `data_set` (
  `id` bigint NOT NULL AUTO_INCREMENT,
  `data_count` int DEFAULT NULL,
  `type` varchar(32) DEFAULT NULL COMMENT '分类类型',
  `name` varchar(32) DEFAULT NULL COMMENT '数据集名称',
  `create_time` datetime DEFAULT NULL COMMENT '创建时间',
  `update_time` datetime DEFAULT NULL COMMENT '更新时间',
  `comment` varchar(100) DEFAULT NULL COMMENT '备注',
  `unclassify_count` int DEFAULT NULL COMMENT '未分类数量',
  `pending_classify_count` int DEFAULT NULL COMMENT '待分类数量',
  `classify_count` int DEFAULT NULL COMMENT '已分类数量',
  `check_count` int DEFAULT NULL COMMENT '待审核数量',
  PRIMARY KEY (`id`)
) ENGINE=InnoDB AUTO_INCREMENT=27 DEFAULT CHARSET=utf8mb3;
/*!40101 SET character_set_client = @saved_cs_client */;

--
-- Dumping data for table `data_set`
--

LOCK TABLES `data_set` WRITE;
/*!40000 ALTER TABLE `data_set` DISABLE KEYS */;
INSERT INTO `data_set` VALUES (20,15,'history','2016重庆市审计汇总数据','2023-04-20 23:00:44','2023-05-19 21:15:18',NULL,5,0,8,NULL),(25,0,'new','2023年重庆审计汇总','2023-04-20 23:09:46','2023-05-17 23:34:51','未汇总',0,0,0,NULL),(26,0,'history','合并数据集测试','2023-05-18 20:35:48','2023-05-18 20:35:48','测试',0,0,0,NULL);
/*!40000 ALTER TABLE `data_set` ENABLE KEYS */;
UNLOCK TABLES;

--
-- Table structure for table `dict`
--

DROP TABLE IF EXISTS `dict`;
/*!40101 SET @saved_cs_client     = @@character_set_client */;
/*!50503 SET character_set_client = utf8mb4 */;
CREATE TABLE `dict` (
  `id` bigint NOT NULL DEFAULT '0' COMMENT 'id',
  `parent_id` bigint NOT NULL DEFAULT '0' COMMENT '上级id',
  `name` varchar(100) NOT NULL DEFAULT '' COMMENT '名称',
  `value` bigint DEFAULT NULL COMMENT '值',
  `dict_code` varchar(20) DEFAULT NULL COMMENT '编码',
  `create_time` timestamp NOT NULL DEFAULT CURRENT_TIMESTAMP COMMENT '创建时间',
  `update_time` timestamp NOT NULL DEFAULT CURRENT_TIMESTAMP ON UPDATE CURRENT_TIMESTAMP COMMENT '更新时间',
  `is_deleted` tinyint NOT NULL DEFAULT '1' COMMENT '删除标记（0:不可用 1:可用）',
  PRIMARY KEY (`id`),
  KEY `idx_dict_code` (`dict_code`),
  KEY `idx_parent_id` (`parent_id`)
) ENGINE=InnoDB DEFAULT CHARSET=utf8mb3 COMMENT='组织架构表';
/*!40101 SET character_set_client = @saved_cs_client */;

--
-- Dumping data for table `dict`
--

LOCK TABLES `dict` WRITE;
/*!40000 ALTER TABLE `dict` DISABLE KEYS */;
/*!40000 ALTER TABLE `dict` ENABLE KEYS */;
UNLOCK TABLES;

--
-- Table structure for table `import_history`
--

DROP TABLE IF EXISTS `import_history`;
/*!40101 SET @saved_cs_client     = @@character_set_client */;
/*!50503 SET character_set_client = utf8mb4 */;
CREATE TABLE `import_history` (
  `id` int NOT NULL AUTO_INCREMENT,
  `create_time` datetime DEFAULT NULL,
  `update_time` datetime DEFAULT NULL,
  `data_count` int DEFAULT NULL,
  `user_name` varchar(255) DEFAULT NULL,
  `import_type` varchar(255) DEFAULT NULL,
  `dataset_id` int DEFAULT NULL,
  PRIMARY KEY (`id`)
) ENGINE=InnoDB AUTO_INCREMENT=20 DEFAULT CHARSET=utf8mb3;
/*!40101 SET character_set_client = @saved_cs_client */;

--
-- Dumping data for table `import_history`
--

LOCK TABLES `import_history` WRITE;
/*!40000 ALTER TABLE `import_history` DISABLE KEYS */;
INSERT INTO `import_history` VALUES (14,'2023-05-18 23:38:59','2023-05-18 23:38:59',3,'冯家有','文件上传',20),(15,'2023-05-19 00:50:38','2023-05-19 00:50:38',0,'冯家有','文件上传',20),(16,'2023-05-19 00:53:18','2023-05-19 00:53:18',3,'冯家有','文件上传',20),(17,'2023-05-19 09:38:35','2023-05-19 09:38:35',3,'冯家有','文件上传',20),(18,'2023-05-19 21:11:45','2023-05-19 21:11:45',3,'冯家有','文件上传',20),(19,'2023-05-19 21:14:39','2023-05-19 21:14:39',3,'冯家有','文件上传',20);
/*!40000 ALTER TABLE `import_history` ENABLE KEYS */;
UNLOCK TABLES;

--
-- Table structure for table `user`
--

DROP TABLE IF EXISTS `user`;
/*!40101 SET @saved_cs_client     = @@character_set_client */;
/*!50503 SET character_set_client = utf8mb4 */;
CREATE TABLE `user` (
  `id` int NOT NULL AUTO_INCREMENT,
  `user_name` varchar(50) DEFAULT NULL,
  `password` varchar(50) DEFAULT NULL,
  `create_time` datetime DEFAULT NULL,
  `update_time` datetime DEFAULT NULL,
  `role` varchar(50) DEFAULT NULL,
  `user_account` varchar(50) DEFAULT NULL,
  `email` varchar(50) DEFAULT NULL,
  PRIMARY KEY (`id`)
) ENGINE=InnoDB DEFAULT CHARSET=utf8mb3;
/*!40101 SET character_set_client = @saved_cs_client */;

--
-- Dumping data for table `user`
--

LOCK TABLES `user` WRITE;
/*!40000 ALTER TABLE `user` DISABLE KEYS */;
INSERT INTO `user` VALUES (1,'冯家有','1234567','2023-03-01 16:20:38','2023-05-18 11:25:54','user','fjy','fjy@swu.edu.cn'),(2,'西南大学','123456','2023-03-03 14:05:41','2023-03-03 14:05:43','admin','swu','swu@swu.edu.cn'),(3,'刘鑫博','IBEsnj','2023-05-17 20:16:27','2023-05-17 20:16:27','user','lxb','2638113863@qq.com');
/*!40000 ALTER TABLE `user` ENABLE KEYS */;
UNLOCK TABLES;
/*!40103 SET TIME_ZONE=@OLD_TIME_ZONE */;

/*!40101 SET SQL_MODE=@OLD_SQL_MODE */;
/*!40014 SET FOREIGN_KEY_CHECKS=@OLD_FOREIGN_KEY_CHECKS */;
/*!40014 SET UNIQUE_CHECKS=@OLD_UNIQUE_CHECKS */;
/*!40101 SET CHARACTER_SET_CLIENT=@OLD_CHARACTER_SET_CLIENT */;
/*!40101 SET CHARACTER_SET_RESULTS=@OLD_CHARACTER_SET_RESULTS */;
/*!40101 SET COLLATION_CONNECTION=@OLD_COLLATION_CONNECTION */;
/*!40111 SET SQL_NOTES=@OLD_SQL_NOTES */;

-- Dump completed on 2023-05-29 16:27:26
